address,staked
osmo1mkply7ymvvdk56aamsdftqux2pvws9e6nqfchy,31550071037
osmo1wr3jreg7vrmwlp7ylccshgrv2n53grdfv33hqe,99574224558
osmo1ync3k352tfsvzphj8l2z7dpmgwa4d0qp3mtm75,124861417652
osmo16klv62lwk2fkus05sj7dsar4wmyyke5mt52hjh,11780382843
osmo1px05lsrl8c53vc99pc0qk5sphf6p590vfxtm07,12465246544
osmo18as0t5t0nav8nz47rppddfm35u4ee2dd8s2tla,17115000000
osmo108zph0868xxwvvm2rp7cfshkylxdhatp3sy4gj,14793468497
osmo1lenvpq48ehp83x70nxuw797949twzhcysc0g68,21369050215
osmo1udw4032y7my0q9y0mp8ffry5m2u5xl3de46ex0,497578889659
osmo19t5xc47k3xftyly3g6wkgg7sj5yg9ezdkzfk67,11000000000
osmo1tf0aw7dq4w3vppfqdglefs6wzyz5um2sp242y2,30987183501
osmo1tqdvlku97p88z5ndf3jz55vnccmzgs8jla375r,10690400000
osmo1f5cunznq9yrw0eqq57zte78kdyt4pndlvznlzx,11545710683
osmo1rl7ckkffrehq7awdsfr4x06xpcl392nru90u2p,15186923586
osmo1lq7v4rfduq3q0ysuzy94nhkftclrl66sttly8q,44392221550
osmo1yzu04ty3jedl68cvqzeq3avwr2mvm4sjharz84,23149747108
osmo1k8ms8z2vshzvglr7wafk8gxwauk2chf0tfp0mw,30934884750
osmo1a4qfgmrqz3ap3xxep6m5v5gfzqvljp4q33hmuk,76668006250
osmo1zd9zvyrp3g8y5ufaag5uh8m9hkp4xnyw0yh5vt,18000000000
osmo1ct3vhf0upmqgu7kseafpa8xqy49swxe9j3m8a9,11175243737
osmo1ls4kmz5v7ytwcqmmchkex970565j8q3dw8jt6f,66300000000
osmo1u9fznreu8wn8untkx5hvdr6pl4keuzhm5hyw0z,25003881007
osmo1euf80eurh00frj6hrwutxl8splw0jl65rynqjs,10020427578
osmo1v3hvxyp6ssfncfuyx0wugxasurdn3s38pc58fp,31043000000
osmo1cs3tntuqw6a3uranfe4nmvau2f3h30w37tnccg,27628384975
osmo13kqg3feqvr0ete430mme3jm480ur5z0rj0qx04,36902532703
osmo1cuazakggqmxxxrfkvjr7zz2av6j5rxg8jm7x7w,10600206412
osmo1qpumnd6p76pejdem8mxmfrk9humwer8glr5tye,11101389441
osmo1u77wyu3a6r6hnfq3ajxyvxj46k4cyjn4z35cys,36199877589
osmo18t3x20zylkj9y3zfagvfuq829ska86xxxfvvum,33304796401
osmo1skv2quty6zavcqfrnq746ll2pmyvj273dlh97n,34311041156
osmo1epp52vecttkkvs3s84c9m8s2v2jrf7gtm3jzhg,1375705852696
osmo1craaul8czwtwndm76fdfxh7ulja2u4nrj8hmj8,17237902734
osmo1jdcvuhd83yv026sa5frheexyf7zhmpd5ftfuet,10045000000
osmo1qy0228s3umn7vyy20qfxxrruq27t53nrg9kckf,18398078305
osmo1hde4fdmfncvdpxwhppctldwglf9qecykax59r2,155085171570
osmo1uaspcnh3r5etr3szfmgn6ecuum00dm3lskemcs,36720350000
osmo18yxxram7twjjc9j5a0p2qzyew224dn758ht04d,24095000000
osmo1gfje5jjtz37psn067ddyv7nhgkuu7g9lulhsex,26200000000
osmo1f70nsqtq0wcd0kymq79ca2p0k5napnm6vmt4r5,87947288606
osmo1r8pmwwnprvykp78ggd45ulecd3puryw5xq3vnd,10391438708
osmo1dlr8dd7mwnee6jdv6eky0dypar5tu437l7c9gv,67887980000
osmo1uhzvac05pw0gkjm22f607mv7lkmcqsgvgqv95q,15084000000
osmo1m8mma95ta2zajqtmfp5c5y3wgeyqzcrck3r8yn,12000000000
osmo15nzmed0wdq5m8z76tk2xpqztzsh7u8skd7w5p6,19250560232
osmo1wnh5rkymkdp5g5nq98ur5thznu4xkrumaszsdw,15000000000
osmo1myrt8m6jtxlpr7v4z5xt4rkmm8jjtet9rdhzt9,24311057550
osmo15ma0kvf0pw4gtaeku8sas5nt7qvw8063s6mcjj,559497487978
osmo18ya6e6uww8e47m92yrckry3qs37650tg075t33,425278970447
osmo1nn2vd75r752x9vwm38ldy0uxyj6rqvlanysc0e,10000200000
osmo1jvlj4v6tu79e8vvyu40h9wj2v3q46fqdmqvr5z,14511280561
osmo1mapmz2k74jsxffk9sse33dvd3kwx6rggccsscu,358016590500
osmo1e4gnfpwt3t9pzd65ntgn8spgld5lqvysyf7xwn,18292000000
osmo1nk56ycygjdtxh9raffp90n2pes0m932f648tkv,54195542292
osmo1uff6w8amskvekt944g46mu8an87gwurr5v8r26,22055176494
osmo1dtknvzmam8z0gal683pumydcuw5zrv8sn92z8d,29110000000
osmo1zzexwf0xhecnlyxksxcamycs6m89w20arzzhhx,1304471000000
osmo1x36mkfwj2d79v4cnw6y0talgfd2vgp8sp734h3,2072014037356
osmo1rpgtz9pskr5geavkjz02caqmeep7cwwpp3kcun,143716500000
osmo142h5aqqgh9sc590l53ck0cwm79h5w3fz9jwhp7,134735963720
osmo1dvu9mr36l5gpqpsx4p6jvphc5gn59wypuwzpqv,216811714217
osmo1caqwe4r52p948vf6udgrv0mtxtj2z5p3q4yzpl,283454982530
osmo1kemm70tdyn0zmnpryrk9qce9uhxkzhz879q3cc,174358378124
osmo18353l86l5xnqnazgscr3ruskerlhc2g4ndrn5l,33124808567
osmo1ymw4w56c0vn7gny894tqfvhj00f5au8apyjv5z,58345813945
osmo1wyeyrwrphr8f548c3mpjg9cdlv806glsag7n2q,22573435327
osmo1wm7jf9e94fnewe33s6fwhl84upz9l795ykhetc,153456449720
osmo1au7jxz2z0tq0j760hgvg5hwrrahtza3rnc63d0,19202177924
osmo1g54tjmuq2vfr6zxw5x97yw0gvqze3ksypevlqk,50417339980
osmo1l6rqxuqz2rrapnfkhpurux0xa369f0c0mu88xt,23093122351
osmo1vak4usz27hdgfr2uu0xkvd2tnep8xkrklmakn6,21261198254
osmo1qna2jews4p4kyd53fg9qkg4q6zgeer88ewzvjd,26826056567
osmo1dzvq2p853gm0lcldwjttsw0az7h2rcz555g8wp,25588026686
osmo1u08eymlxggz6vayg9lt5l7sl3hnqsemrmest3g,221440594228
osmo19m3rlwnw47upza96tnfpc2gqrq8cjp2cg22n5v,661458736749
osmo16sknqh6mfamcymz5pjc4pe9xg0zrl8pruxuanc,12000000000
osmo18umk4jenevvqvwcsrxmev65x5n76ml47aem3j5,55648000000
osmo1csltvrg78ykphjw639y8gwj55tluakcjpy66qv,26245743946
osmo1awr44cdna924c897dd3edna9wdvsah3qsky76d,19431000000
osmo1ktj544uuwuezuvwe59d50l9tawq27n6rxr403e,53619435640
osmo1wf9wxfse4mntkzt3cn99alj0kdnq4j0uacrrdz,32877930454
osmo1gqrfyglayajq0kgju48a05wl3s2fsc68y9rae2,12173000000
osmo1xvfulepy0stmta8lvvppa6m4jx4z20mgl92g8p,11004342842
osmo19x68eejlrdyu0zv9hycdvguv8xuwtt9xej5wdg,24999000000
osmo1a9l4dq6s44k7dk4lx0us6g7xsunartz8tttrsr,12890000000
osmo1lt83tymrlkcg7jtfrzv5370z9uthttpvljxzmv,166457000000
osmo1uu4e4lt460h6etczv4pfngzqe436veky73pqqw,100000000000
osmo1wxftsh6af8hs97ep6wmm8cvfvk2hvwhm7rkghp,15100156046
osmo17zpj7jxyxvhy6jakeu63lyz4axfgn450qpyl09,46472028462
osmo1rfnf6gpxuwnszn296yaeg6xxaudvaww6ns8k7p,11523544614
osmo1jz6xskrg6tqy9s5g0kjlm8jl3sxuenvgdlkjc0,44000657678
osmo1t20hn22ynse4ukp3nwrr0jyl0ln5hmcx8z6sv2,20064736939
osmo1twljdel0qfqjnn6vtx38fmyz4m9clzrxg9l8pr,1600321526759
osmo1yar6mxt3fqxdqndwyx0m7zx9d2pxwed8dl77fs,20082807450
osmo13ze43rtazlluadasjyj0lhpyujqhmfwq0f7p6a,60401559758
osmo1rg47nzw0gtawkgcfvxnqd8tya976uqu2lazw68,10469000000
osmo1rmnsx6jmzq88xfrvjrvwega3kedq7pytwfpysj,10146431463
osmo1849m9wncrqp6v4tkss6a3j8uzvuv0cp7xrmuk0,25065365541
osmo13zy38970fx745rcer45punj4qww4fnyv2v6lat,1499998000000
osmo1257q9medmq9rxmm30395zuak55m4t45n45h756,54787930657
osmo12l07feugqpjjyl5ylfdlhpqde4wqausv5vcxk3,20881385636
osmo1e0vwfhhgr788h876srl6al4d5fqgv5f76he53x,15837001731
osmo1ht364kepy6dmp57rwruh3dr6m5jevtz65rzavx,239800000000
osmo1kquk63vg0c7ugpd4n9l2hfemys9kgywwhpduhm,48958931041
osmo1k8skgq9ffvkjssf6tugfq40c62wcp38snfhr98,18414000000
osmo1mmcz03435yvqdaggjsz5kwg8jqdpsx3f5sgym7,23273488366
osmo14g9djmq5kqh824h4vr5x7e0q4qc4eh97drmq5t,79723098670
osmo1z5hvm9x2pl0t85wrqhdm03wrfqsw35vc56sdvj,126635728054
osmo1qvsus5qg8yhre7k2c78xkkw4nvqqgev7dvylaj,779501720761
osmo194xn8j0j0cs8kjktk4y6v8pyz9yhej7v3qzkfm,18168464764
osmo12dzrxfndmzrt60yngjrpweh2zk5lagalxse4ln,11379056819
osmo1z9p077a57nygyscrt54tvulpj8hukwaf586tqh,30514269999
osmo139v4k3qkjcpuvxpjfgdfxeshs80hxk3e4kade0,44678460774
osmo1782ms3d6taz6rsans4atn5fu6hk7qx7l93fm4e,12168392100
osmo167xarmzf7u96lxt06awejzn5yz9cqeu8hv4ms9,15423000000
osmo1497986xmj4trr6jl9euhwed9yw5l6c84dhcs7v,12069403635
osmo165ujnuv4f9gcfvxgesa3thgvdgtrddmv7p4v3y,10900386925
osmo1u5mk08dtcjcknv3eqxpazdsx3zc74jzcj5wd4t,51647753048
osmo14valz9mxkqt4zr5mypmcw432ay403jcpg3wad5,10770000003
osmo1qpehqxkqfvhqcgwwd325ej4v4npd006sjupwzc,10683817152
osmo1fgv3arzrv4pg943k45j5dmlv3l6e0pckc4qsur,26655230479
osmo1du6h94k2j6zsqhrmuzhyxe3sy6lt95j2lnwppx,16596745455
osmo1g737ywl448pw87xg7zs9jmtp4rqwsrk5xztk27,119744851589
osmo1ha53wfpqya4yrp4m6xxdjc9v4lal9t4r073csz,10137916002
osmo10vxufrnag7ex7euzjrr4c82qf7pjg8mc25w49a,13868291878
osmo1lgw0jjse2sq2r8nrzuh34v9qtlp32a6kxjx59e,13534092278
osmo1d3r883l46edwl0zz0dxk3974kkqpah053jjdx4,20000000000
osmo1t9dwh03pyhe94u6x9d7a3d48dd2kcl63l2uccl,13243770284
osmo1t7mjq2he8l9yvtykmyk26zxfqdhe2u20ue7rrd,10830751801
osmo19wheec06zqlpk87vtxh3dd9c72v7uf9s8cq40q,32822500000
osmo1p4rdtttuzt2pptx6wnswjvedj6ktyulw7wpscy,33096888107
osmo1xppn98w0gg6wl0q2g2nasmkqlf2elwpkh96gzk,33500000000
osmo1jhtfutaj57vvh6qnsqlrktnay7vxv7decanw9d,13560315951
osmo192ul5fw3u0d7rn2t96ssjjffx9qdexf896spzt,20173613092
osmo10rdut36lnhsrudd3t4zqqgpvrmxam4leprsszg,13201000000
osmo1tqelste9gq42ts43x6sdsq7ga4xlqaqjm2qjtt,45750000000
osmo10np7qyy5ahsvspukvfcdmn5vdzzaanaavt5ejk,103156376447
osmo1jvykup7tdqs73qpt68xwylunst873nux7d63yj,101000000000
osmo13gjhk3pmmusvdrsgqwdc74fcafdmvex0h47y3q,133052915940
osmo1thd6u0ezp96fn5fm8zeg6ef26gz4edu34800ev,4052623898073
osmo1gzkve0ajwv8kymfffz0mru9zfg3nwjvqd4kyg8,11786066419
osmo1fclfcnjy5hrscunsasqwwuunrllh68vzpy8p5p,21663000000
osmo1ga6hy630ejh2s8p2kvql4jxjt6fcnj0nh0lzkw,1826573607630
osmo17s88pt6t8jck9xscczhh8tpkuwn45284kqudk0,12758227052
osmo1fszjwzpu7xz2yl5sxxrcrelt4m6y27akl3cw9d,11327000000
osmo1q256x65tdwct40cp7y7du7vc5emralkgcxwmnq,326708874315
osmo1z9ltqx98fqn7venz2dzvvkhc4v8rrqnkkrqp8f,17846285619
osmo1tdcu25km6am5ya6armwne995zarjzzv6g5why0,10038892483
osmo1l8tugg79yzphl73yf04ykt0mjcj5agpexkw042,23262392805
osmo16n3qr8t6hpzlwzm5ksq22cg4s9lhueswwvy32e,17779824912
osmo16vhhczel0jzdf6kxxk62uwzkay763p9ctljwct,12309804336
osmo1f62zgjhla097yc4e9sf5zm64antugnjhq0h6ke,10002000000
osmo170rkxeeqsev7kgzk3wwxqa2jwyg8mlw2uzswpe,30000000000
osmo1eff0rr0ptx4hvc3cnwvm5wween82pe4hcwurkt,44933300000
osmo138llyj9xrajkxfpazm06gffs9kfvwfmgpnzv29,68121089774
osmo1sg979s8lkx2mxfm2p2j3f082kmezehq4rw0e4s,127487999520
osmo15yvgvylrg2qaww80fu8plj767hnyqgktc3sazd,13929883420
osmo174z3w3gqtkl9x8pfwhn4d6mufmujcgd6lqsk26,40494661568
osmo1ep7jafc0wa4aue0ljle2jq86nhxwrja9er05dl,100000000000
osmo1ygwg635s0lfdavecmw8rhquqxsxw9mc9s8mud9,40837823876
osmo1xeaa88fqa8s2cwymc2rs6vndcd93eq4z5z25k4,34519501164
osmo1ka4xjs9r2m5w5y2ajt0xexs3sfl5dwku6edd3m,49111868292
osmo1d03z2yu6f4u7rncscuhe4qhjhv9hg6w6nl8q98,62470000000
osmo1fu54gzzgeykcqdv5m8lm0ggz7wy7f52unf36u3,20095900000
osmo1vr3p4yyk0vkjekrvhmjvnj4g5ypl8exaqjc8vm,29346000000
osmo10wlcf6ekee03d9dm2cc2qm58nqwzgsxqan4cys,20018076442
osmo1u5vc8p958lysvfzvr7fcnwe6zhtr7h6ytq6wnw,40000000000
osmo19g99m6g7ceg89f396dkxza82r3az54mshaxsu8,24187396304
osmo1ypnke0r4uk6u82w4gh73kc5tz0qsn0ahqqd9xh,136861459578
osmo1zm77n5ayf94p2eqq96xgqt39q9fnskvhgftxgc,51643135175
osmo1c8dwq2lws0skkca7kaq4u0vxsvzlhcuvhhwvs5,11379000000
osmo102mw4yu834xc3rfk44ttwkzlcnlz8vn57a8fun,32927958159
osmo1vhf94r0wdymzrs3vnaxx99sv2slwe2u4ykj44u,28057459651
osmo156u9pnyfrvq2az0xvg6ntrvqmzc539xyp9p8qk,45000000000
osmo1krfmhqvfzmxex5uw5atjwfs9xpqel6hvgxpxje,11300000000
osmo1kvh5n7skften3fv2ry6yc5jkpaz0rwzrvdte2p,140240000000
osmo1d34ytrd8m2r4ezextka9rmhwmmmg7cq9egqx9m,33700000000
osmo150f8nt2quccx0np0jn302krvn3arz8qauxcx6m,22062066190
osmo1z3znw7lall94lym3vazl6xxd36a2wtqgv8ft58,11555000000
osmo1e2fyddrp9mxng9lk8kpqs38hcusrsnweh5tsqj,11149040407
osmo1wrw47ffjshnx3xjayjd4w8a73v2yfs8uuumjla,30110754365
osmo1neeazeuuxla0chm54f09vfcfhvsay8e9qujkcz,78678997092
osmo1qmrcjzskgtlwmfs9pqdrfpmp5l5c8p5relzfne,89373000000
osmo10sc6nxu0uc4ss5m4cxdzhwcahc9zte9agxk0sp,10010000000
osmo1vv06crzl53yv5kp2w56hcmt30cmflnt73q32fu,11591720951
osmo1qn9aqqs7cl6zqhez6fc2s0vtdzpps6rald6q0p,204215500000
osmo1laqefwck8mkxt44jfn7fnpynfv9f2utyx08qpk,150001000000
osmo1pt7nmvnp5refyqaalmx0vajh7vg76ndunqc65f,10235993933
osmo1mwpx7y5zyvhzcle65amjpam7qfh5j37685h6z9,13000066287
osmo1m473xzw7ux4dwawr3t3ugv97wx8rmjcd66mht4,18807600847
osmo1g5435cjhlm4s2nlmwln6ess9x4lc4qgdpzj6fg,166719982358
osmo1j2y7vkv32wamrtm66dj846at65866w5d0d66s5,19063000000
osmo16ev8y8nztpwu4ju9xer0dydfhtl3ywue6c4r09,23706426783
osmo17xfpkp90waa9e3743gye6e0kemxr720edg4v94,25918779604
osmo1ask8x8anxmdg9ujwat43dfdhmkx365scjplga6,20978216628
osmo1knpe6z6pvdxpv3afd3a9pxlum7xaw3hvm3xzjm,39283826783
osmo1jnxwata6tsfjwrzfdrfjncm0gk8qyszl9mqgyv,22712000000
osmo1y09lvntfvwmhmsxscgws2m8eqwwwvhfpmr0dfv,10052661906
osmo1mszqfjrh2af5k3jr4r3deukgrzdylkr2cr537c,20000000000
osmo10fdvkczl76m040smd33lh9xn9j0cf26kguqpzq,44062570335
osmo1kxu8xdgk6s78yyhgzu7mpym20un6qrx8hg52fc,12000000000
osmo1tu42agrqqdvyrf6efynxr5ps4upe4y7z80yd2a,44570593723
osmo1safuahd5ytkju6umhwwyt9hcglkjpzlrfytp8m,10561022571
osmo1perw436v5w48y456acqd3qlstwxnlcwf9tyhsr,10613833729
osmo1awpflkaj937pkn6ws5f048hhf7jwjg8fye5455,76355346396
osmo1xhjjrwx30qrwxsksgwqjl2qez0z9mhwksrtjc5,20273739711
osmo1u6vdr79y4kqg0cnfwuqdckjpzhjf6vete5qxnc,12639434668
osmo1nawcpl94cnttp2j5fqzkl9xq89sj8fgtxc0tut,53427000000
osmo1hdn838agz5rs38pst5337hnw4lya0949uffg6k,12323000000
osmo1p7dmhx00k85qgyrntm9tpqektdqpwulh9qzqn6,12141000000
osmo1wak4fv3xj2c0n4xvlk7lsdmytrfxfmgsgndtha,10106256251
osmo1v73fd3rg4vssz5ewk8lmcd48yv5y9lvlu6fz8k,53900000000
osmo19clxjvtgn8es8ylytgztalsw2fygh6etyd9hq7,10116601567
osmo13akk5ftz0dy6ev30hy5e8fv99q8pjzj3wxr6sm,1120000000000
osmo16y9klayz5uyjtcjsvvlumln7rhfazvwzehccpw,11618814753
osmo15q8qpjlz73ql203z486f2m02k7zdln509efxa5,48290516291
osmo17ec8xlw0p6h5d09p6gk0ea974jw03h7w86xyf0,11323341415
osmo1wqgn4gv0wm2p8fyxdzavqurv92ehntw5gt62gt,64256125967
osmo1atjp0sjleu3rgtks9q69aqlw5pgle07se6yxxl,18229699885
osmo15vg5t762utafwjwuj2tx8fjwsdvz6nvwll4075,56848403530
osmo1ple0jjhd79l3hvqk6mnjwpqh2nnla08fglg6nx,10666007570
osmo1j7u72t4jfwxt5z04uwvf3s68zmaaxqxcw6325f,28093000000
osmo1zr7aswwzskhav7w57vwpaqsafuh5uj7nyuw4v8,31718981988
osmo1j6d8vwsp0rfg3k04c8hqu6kv3kfm0ew47nl0je,180932119666
osmo1gxe38pdkz5g2h3g07pwa96zunsyugkgx49t5d4,15000000000
osmo108jevvjn2pm5x44774l3ava09pxepqt0430pd5,48056827921
osmo1jxu5sl2e2e4wr6le9dnjpr8vahhssv9s30krh4,23580377917
osmo1q5fcf3074y8rvcaz5ptfexptxuvu9sv9q3gxxd,140665000000
osmo1ydpdhr37j7sv3lzhlc8wa3wjw2fjdczjpn9ek6,28060000000
osmo1xp4zat7sxzzpcq6et8t2jpf9gza9jx2g66zhl5,18650000000
osmo15hn9sa2m8mz63g8n0frkef97c2qsx95an4gt78,84931000000
osmo1dynugk27wq74gzuev33tv2hddqhkqt970tymm0,28957198619
osmo1rqrxh56flv7rk6yypuw3f98jdvdf86jdnfma90,22000000000
osmo1ary9utwulnj6zwef7vr229h0pzjrur89jqng9y,12135706063
osmo1dpxncgh7mds09cfkmpaud96rpxvjdeh5spf8rr,18816067255
osmo1rs3p0vhsm69t5ut9vh0tuumexktk9r4gn9tl92,14317897929
osmo15q5r3vpjsxfj85w6hg3rndk8szcp7xqfwp9xye,11022000000
osmo1hxnuxckagux4200mvfs3yd5xhqgutercapauk4,50130000000
osmo1xajyrrg5jndz8gqhn6cvkkndhluzjpr4safprm,46000000000
osmo1g3sxn639rytth9rufvuu2mzf7exvmul377uf7k,90250836001
osmo1kn7dt63ag5ql5cm2m6eu9utwllg4n73ldav9hg,53500000000
osmo1tgs7a0ej04t7k0ywdfhk3lddd7a2tmgv242kc5,50000000000
osmo1cdrawpdr0yeaur7puleg0t3lxfcqvhtwy7h838,19165000000
osmo10agslhjvmftyxepjuzr3eupwxljap9j00xsnvr,12747847255
osmo1dyze5gc5jjq80lkxvx7tgy0z36md2pljt8avy4,20000000000
osmo1tpfdc3j3ncq530puunwwkvuydmj5c44kfap664,122769333669
osmo1936sy2rnfgkmenfk5kp3yu3wyfp235u6mq5mlm,11751591609
osmo1m473ayjxz7n33dclefavdvvyvmmdk8zzycv9xh,110000000000
osmo1mfhfd8xlz29klsegzv30pmpuh6ekl3kj3p76j2,30939864396
osmo1jthu90g8ltzgs2rxfdfv98cc53wuhcklwk3jrp,13935529566
osmo1dle56z6d49gmxvgc490fdwr3rz2yqx5jmfsfkw,17003309519
osmo1xt77j9lkg63zxr4wk70paaf3gghwsu4rqusqud,14007404806
osmo1jyydnfdpxa7ej58vpfsy7zmug8g4vet4zwcrm2,16202888032
osmo172c50xpqqmv38xd900wqjgpjpcwcv4lpm56uc0,10795742541
osmo1cawhs2t43pvp9rstva6fceg6nzgr6g8mpqsz9p,19158182005
osmo1nykaestwg7ql2tat9stq5r9slhte8qvahsgpuf,37775000000
osmo1v6243qhds86hmj935j4w749g7wzpe6fvtzd8d4,34600844104
osmo14fqtpynvp6vcn4hwu5k6fw3rtxzp5yd5u4e473,24705723936
osmo1wkvugk2pwm9rgaxpx9mddgsmhx5kyyqffwdm9d,24163836150
osmo15urq2dtp9qce4fyc85m6upwm9xul30495qdm4l,859634861734
osmo17tyuhx8m9e8aqkkpx75cfm97v9ug9t2ygge42w,11910000000
osmo1u64jdntcm4hp0tjtgcfu8sl8kd4djngqw4zd9r,115043148914
osmo15sxd33p67wyn37zz5yn0jpheeq8kkdnvj4u6xy,14900000000
osmo1nze42jgkycjwqvuzzyh5nq6uha2v6lrf0rwd8k,15884000000
osmo1w3h2c7gxye903p5xfauxvucyshwpg9cvstjg0n,19981587672
osmo1lzef80fkrqlj02am55yhasas4np8cmtrr5p56x,18608999000
osmo174s0gu6e7nwzgtj5uyltxwpesmr9ct4xu6v84u,12036763951
osmo15kkdl2q329dxks0n23uf2kfenkzlr72gj8vgta,30000993750
osmo1004mqvtqkckwzq0dkappks9ngf6ecc7zwk3c94,13129000000
osmo17eytgfra0u3hrancs2yzdaqtt7gr4mw0l0sgm8,53436665198
osmo18s7ycsfhe9x0up822fdzylj2u0nxsruhkcwfar,18782644604
osmo10tv2fylzvnt4rrpyguz3lw3evw3fl46hvf84fr,95336245877
osmo1mt7wn9rtnmlv474656glwyuvnyacvuj3ggyhj8,21157070236
osmo1dr0kycwd3vurdvwatkh2xg5gwd0024n5r33ls9,20720574783
osmo1wjjg0mvsfgnskjj7qq28uaxqwq5h38q68enshj,871511590096
osmo18lgqz5q4kzf6q4aq6emaet0vlz4jzt9jfgjuzv,33944630000
osmo15f4kjgk0hf7netvw8fynxasvfh2qcd2wmzneyv,15662923694
osmo1qz9k9tyz5yar7lpwmwashscs9ug3muwpqcvnya,19360092469
osmo1ljfjvdg0hps4ysqtckmx87w3hrwv54knd3adk3,226657891911
osmo1nfg57e064axd08dpnwjs5r2vw4utgd2jv09gda,37731858715
osmo1z2tr9c2vhnfjvusgyu84uh6nwjwuf8mazm80yq,17604000000
osmo13lgvp36n5rwqave9684hcrs9l82vah8fke0gr7,18048473948
osmo1v9fda4ymnkhwqy947gl4rnvtm8nme538udk96l,32590794145
osmo1s3qaxrp4rvthhequs9xsnhkhlj4d848srud7s5,280000000000
osmo1qhmn4e8q5p46hsvu9c57fqyvqr9xzg9hu3qmeh,13457710766
osmo1mgw0xgxrc8gndsxnyw575fypdhthtfpj43zxkh,51870894413
osmo1uj35uq79kxk3wh6mxn6mz6vapnm4mk4lhhrstt,52376750380
osmo19h8ra8d33ze5zkffst4k8g4jpzwz9jj3gdc88s,93317000000
osmo1g2yx3rraj9rqd56093rh7kuqfayd7y8jy907f8,39500407873
osmo1vnuu6rdaru8x597vkaarl2u4nfx2ltpr6rjz9t,13000000000
osmo1wwm5xpejg9kxtmstude76chkd5gzgkecmcdkd2,50259000000
osmo19s4ln4fg3fyzu2yytywr00rur7nctvenecpawa,57228999836
osmo19kq8vrevg7enle7huf08v7y7pyxck7yj87jpyz,17111000000
osmo1ce2gkxuug6g388qd535tk3p70ej2xkkvp0ptv3,212117000000
osmo1vppfvamxz3cyawnx8a6tdd9ftr0pg6lzekmy9w,10052661376
osmo1273zsxhxd5dlgcr2zjf5x25275hjcp3uhl7pj9,87642642336
osmo12sczd7vmheqat355txqducgm6fk86ye4eel33f,163280000000
osmo168xmhhyha6hc8s66ylzfzpdwca4kr8sk0ynq56,16402850000
osmo1aa0x3zw9wr68d93sj4xwuh6dhd8vk3y7s3x3d5,54175803276
osmo1am6r5juytwv37803aqe3pgs29g0lzwkecrsgl8,11394000000
osmo1p4vq3nvkk79n3gzp0f5wkyjjptwhsfw9xtvt0p,10932000000
osmo1n932kt3m8vrcmcpzn2u8suwz3nmn0nmfdtt9zm,49000002000
osmo1tqv86mnxsf7dqccahf5anut2u390x67jejtq5u,132469713067
osmo19d05d6w3nu54ay002j8v4pnejhkwy2rheu8eeg,29299324357
osmo1m8rwaup0774h3pj0wrlk53cwd44jrx6nsrpu7x,99105108166
osmo1guf7jzjvfjrelyshptpn9xxxg0srjc4l5sen3g,13435000041
osmo1r49cxstdxnx3jpxnjpuv54uyph4ka828xhfx6j,128716506216
osmo1jaw4n8p2hsy280lqxk73mkwteszz5vfv50rvgq,50283000000
osmo1ly6akewx9pxaa3ws8c8kfca4yw5xwq2uqr9a5c,23000215349
osmo1ug4p9pyeqnfd2kvtvgl5ulu2h7k428syxtln40,46000000000
osmo18wycp23y69ky0rla4p75muzhejn0cd76dqh959,11110470468
osmo1m20wyugxnse56q2lfmm9txyk2fx39s6fx5sx8f,21356838944
osmo1w0494h0l4mneaq7ajkrcjvn73m2n04l8nadk22,14000000000
osmo12k44zp9wkpepv3x9klxcfl40jv3nmrmvd5pjay,32313586198
osmo18z6j0qyyu26x9g88u5qyzt5px4rpzsdjerwsmv,102720000000
osmo1dxr9m5pladap49qvms3jgdgjts7jjy2cmvfk5t,10957000000
osmo1v34kn7s505gqlp723pzk0v8cwgchrajgd2k3g8,58010670000
osmo1njvfq5pdad2f5j0uvqtfdujyg8c5sde2n6yw2t,105211426179
osmo1p0tce660gs7x7l5zzy7gxflkjmk2aq73qy2qw2,11727616400
osmo1x9au3m6xwp6u3wrvl64jrxd9tdq5mwk8jjuulr,120796000000
osmo12r63enxzq0tf4hkxwt9kk73qasfl7yk20fk5n8,30734434670
osmo1ap0yxgaj9zwesla4jemqwkhxs0k5lyns00v7tr,11997000000
osmo15g9l98qj00euvmega4ecravzfll5xv96uwfayx,25813309750
osmo1mp0a6tn3fsk7afk4qg7hjc57f86qh8px7w4rn2,10873000000
osmo1dr4um0jmyhjtjc0r2p03cfxw0kfssucgpec3q9,21178260662
osmo17d996ql0qx6rh0uwkgsz8sqgv80n55rlnanwnu,17768767000
osmo1lcwxu50rvvgf9v6jy6q5mrzyhlszwtjx6yhapq,136183634896
osmo189l7q25xdttvlr2uug46vk8uqcmhh6wl3dd2he,13090345947
osmo1k6496vg8vd507aukcqrr55nhwxjqmpjsg0ft6l,14291111455
osmo1xdjq5xmc9ws2ddpwfmt2nazdgwapmlhfynrfze,86394096987
osmo1ham5qwp4hks56zv587y24new7ap0md5sxyuugs,420420000000
osmo1vmzzm28zqdzasakpaqj0trznsuca3fhny0g9us,18704037106
osmo1d82wdk7kr9w08c6680vzhcsgjwl5fkr5zvcvk7,66311925093
osmo16jyg2ezw0r477pn2ys8pegdxa5v7zt6mn9xu4e,15000000000
osmo15rqrqjee3e5mm7r60reyjguemcrlue3tdyj4md,11714000000
osmo1clh5mkc5y7kmy32ly4myp0yfl9mwpex56saau9,10789589281
osmo1ntdd7mj8watlw5r09r06vv2m6rxqjzca2vjmvg,21552495215
osmo1t8cdk3gx6nrq0tn7r5e55ry9mdmgcm4vst0cj7,15573492630
osmo1nd5adhnlng7cma67l3dq4t7mgkep8gz0vrvdzq,12351333389
osmo1ar25m8gxvru7jvwtdutphvar9emxkwrdgj5ual,56000000000
osmo135y4apefefec7pyy5r2gzlcmvqpztazm28tegv,27111004914
osmo10rk2v8pxjnldtxuy9ds0s5na9qjcmh5yvc8w8g,21119000000
osmo1d393qtcynz5g5w0eznmwv8h62uf2v2tqrk765z,10007483473
osmo1n3mhyp9fvcmuu8l0q8qvjy07x0rql8q4hx70uh,22362718585
osmo1l5mmewxudhtg7925d6t7n9vs87z30e5k94w8cs,168199000433
osmo1aevcu0r2zce60pesnlqymqnhe9sufazfyx4g5j,68148069907
osmo1rqzgjeauamr5g707s5ka5na8p83u6ftkus4u4r,1225950063668
osmo134andesm3m3aftxr9p2yl50d0w56j0e6lfhsd3,11285878229
osmo1e07ny72dpun0fh8znqm2jfwrvmrp957q7a4m8w,21705117688
osmo1lr5qkwvpe7arwvup9563lzrzdekg9mtjyjh3qn,36230869658
osmo1p6ncr27vk4ytruy2yewd2m5qd43guw3d3mm47l,15207454705
osmo1yr9dldkedw7xm7az06hukr8sp9uwz68whzqt7r,43026000000
osmo1hn2ckfr7wmqjfwgdxj783twlfx0g4mgdn5685z,144157832428
osmo15aepnd3uvqddvanqda72kapk03hd9s0j39zwll,77542610771
osmo1lzv3s3q9ggrq2cp3z3kph5m97hzlt4y2xzejlk,40000000000
osmo10fx0c43xzuu9j8sca8j6je5ac3s92xuh3zvwxy,10000204467
osmo1jjw67e2zyxjx2zm8mvyapf9yssrd4ws2wgzgec,11772000000
osmo18cph78708lahk5lvr2kf7rf82kcfpxrvmjx8vv,342159048561
osmo1d7vvatc4rqwqf99z90rqf6dlc484p02qlksvwu,23212975515
osmo18pqlxm70zeatge4cd9fdpp24pv096xzs7xzk9y,12639777940
osmo1sepds60zfnpqys327ezyj35ps8x0vycv3tkhmr,10704384141
osmo1g939g73ncsh8cz938lc4mqh2zjm2myzrxjl57k,56632951815
osmo1nv08pjw2pverwqawq8ejz7yq837960cd2rutl9,22110857443
osmo1x825weacumvwndszkjs90fvhdekd6nhkv9pprs,13984961772
osmo1fqzqejwkk898fcslw4z4eeqjzesynvrdyvnj3c,11959980000
osmo1wedhc4twcga50kqh8luhq0ltf67tg29v5tukdw,41336918520
osmo1cyhq796x0yw9qc35qhv40khp4zugwxwkhuy6px,14000100000
osmo1tvehds2rft5ppc5w3zh46c3qejdk393hrkz6hr,61993709740
osmo103vxut865hpn6x0wjly9ds6dmdtgkhp9qfrz34,20480000000
osmo1qzmkwcyzj3488u2qhvx4vg6uxrns6ny8nzcv7w,38426683413
osmo14eknt2dqn4kznsmhavte4tckht4n93c65x2v5d,60681000000
osmo1csnntxz5r53hhvhdu8unjdze9qhenjdqxngu7t,18030879478
osmo17q4q96m759ykv307976wvy58ykrk9l3pnjhtwz,13735939221
osmo12takrk3gtnzvhglyldhnu9pghvqgxt8kvfjg8u,13246000000
osmo1lwmlcxn6py6m0ylxcu4kweeedxs9t94ga8xh63,50583902011
osmo1u0r6mm3m4aamz9lsd3htyxnch22lg5ap4jj49h,48989000000
osmo12n49v2wpc3adz26cphvc4jxr5xmmdjmw35gghj,16546101858
osmo1rdg7ec7a8men3dvxnh5afkpdxcevqkrkucy9qt,51534147129
osmo1p8c46ep45um0faccqfz6ay26yn9xrmedpufl3c,24000678475
osmo1myle89sayzgnxqwqkfs9my0tk2k2wgpcz5ysst,38869837428
osmo1ptehkfse6cf5p6zgx9c8e9thguugazwtxmcm2l,270412945076
osmo123nfq6m8f88m4g3sky570unsnk4zng4uqv7cm8,27905792958
osmo1jw7cp8fk8wa3ygmqtdrnjrrrakq9m9k64gmqxq,418999866798
osmo14s5zljjqtzyl2zfey7ytkllyp0tampkeh3xsjw,18701000000
osmo1feh2keupglep6mvxf5c96eulh3puujjr79z5st,40847540321
osmo133yra9fxttjsu22vcjgdfx2vvsve9q4g3369cx,17825400796
osmo102ugtdyvlza9mza5ygdrtq8ly97p03vs9n920s,16939348259
osmo1u2wnjkl6g4v4wcyw4nzdt03zjpz5uxc6tte7ys,30056870253
osmo1acjqmy4a4y3u3frn0wtw6q3jhzch4wq0vuedgl,14349110189
osmo1mvpc68qwhcfzjt9s4mm8wm5hlxyqrfx7s3puse,41903882589
osmo1gg6see7tn2sxylz6k9d2dv2vhh7w7qexyh4tcn,100963000000
osmo1srhzr4s6k3fqx2mzrfpwjz6ffy7t6j6xe9aefl,18150700000
osmo18ha73g69kqfxhujy9vtlc2taek65qxke664kuz,90111229164
osmo1ek6mxuayf030zaew7a3hcvffke7ey5rhjg73mj,21116000000
osmo1j5y5qgdz8ufhln8ckvy8m7nzgeazfnrpuyxumy,64638912053
osmo1c8udna9h9zsm44jav39g20dmtf7xjnrclpn5fw,99566280254
osmo10zt8j3l2p9dy24kdn8ctlupz9c0l0gtwnuhrg7,49001547326
osmo14kn0kk33szpwus9nh8n87fjel8djx0y0nqr7pn,15000000000
osmo1gmyrcv5ydjtzrhkef4j7n2tdgl0rzh2zuwnct2,55408923116
osmo1wghlft0tlxv9mg9lxf39cx2ff78v3aq0tyc3s4,10635017301
osmo13959x7zm49jaeyrfeltjkwz8adu8p0r08sx627,10317350000
osmo1c8m8ajhaa6ukj8f54787wnewltgjagf05w8u76,1496368936102
osmo15mq2ydwn57gj8k9098tdakjmhmhnc8klah6cpm,27428893177
osmo12zwq8pcmmgwsl95rueqsf65avfg5zcj00f5mea,30002991481
osmo1k570p49ta6ypzs886am6fpry5zzteuh3a476qq,12265727058
osmo127rxtmsja3jses3dhq7nj2stkq53j3cw27yjlu,14215000000
osmo133t8m00w7llsslnf05zdhehharntly8dt2x2cj,441543491302
osmo128gfk6764z0aqkn9uqpn95x5edrgftlqm3k8yc,10055540480
osmo1778yqtf5p2rsf3aanaaf7pljsy0d0fgwa6vynf,11743558186
osmo1c3tz9hd5fnc4hs5fevwgu8k49gzkjut4vz8ps5,76974178767
osmo1aezztwgq9944k8pa2ngwnsp4ftnucf2gftmlzf,20000000000
osmo1snkhgrjm7psup3stcls2w05zagkdgznj5lh2qq,171600000000
osmo1f4y9cnxzfu4k4lsq2fk6754kuhq96mmypms7f0,13746334941
osmo1th5r9ln0w7mcfcf4dst20qq3spyqqametc0gv5,12500000000
osmo1rnc9ek8cdmprsrxly8vg9s63zuhu6yyustkyym,61292000000
osmo12wmptq2zm3s2d8c0xukwj3fkcl0qw66wmxwr7x,30000000000
osmo1n3r5vc8ru40rqs6wpf7umg2qzp5q39hxpw2j37,16515179155
osmo13h4vazvsjkm0jzh7jtpf36f6kssg9mrhanwtam,10500000000
osmo1exm0hmrh0r6lm0vtrekp6w5uzwz3ej3pfvhplc,34960222446
osmo1pfkfl0pgpap70fhh6t92ztvawu2nlszudfap6t,11204354035
osmo1ft92z9xr8tyaa9n7ulsc3hkn09e5m9es4qdz94,73367000000
osmo14dqvnrmwthl8cewf6rtv7csrx9ucuwpkf5w0gs,13935074250
osmo10g537wr2k2ewpufchfl96us2cp00al9wra5pqc,12141000000
osmo1ky3djfwesztjunxgxtyn44rnnqeee0n82llnuy,100000000000
osmo1ajl8ga754hmems6c33ljxerxvpw9detpjw306r,14434580140
osmo1qfyfxey5p4pmxuk35t6yw6ff8tyu0gseuhl4rv,30865981304
osmo179sd7d7qvkwvaeudmd2rfd56at3jz2kdynd24v,29753007794
osmo1tngrk6fdalfzff4k90uzyy88zfprg9vnnnqxpa,17869000000
osmo13v5pmrjrz5zt9jjyd0wynq4uz5duzcwslfqzak,17389839611
osmo1gayj3vhg0tud5z4rpujr2lwvglkqzgzhpd9kuu,24590000000
osmo1qhnaxh56hvq20szg3wrfavuz0tawjv9kl5anwk,118528000000
osmo1653qj2994hwrsssegwd5xf7mxyja54j7a0d468,84288269287
osmo1zasrt5l8syhhw0z22yuv6xe8qdn5r7dz22rcwj,31575000000
osmo1zj9swrlxv5qylcvwu5devc4q3cmuw43qzzr5fv,10279123682
osmo1akkq3jk8k4tcruhzam9pascuve698zuck6lzv7,19524347050
osmo149g2tl9xakprzs5f854ntu5fthdgmuqddx7l7p,73824550182
osmo1s33zct2zhhaf60x4a90cpe9yquw99jj0usrvs9,41590773264
osmo1gknhdu3h8g6n86gzvgw7xuaer6ewkafggmd8zq,17318100434
osmo1cy7jye9jkg6k4h9wcurdcx7q4ld03m48u2g58w,25009000000
osmo17vqcum09r9a3tqhjhzd9x595g7u5ytq3xz5v4f,75519000000
osmo12xdzqm0jev9mwa5xwnhtw02drf8lc32ey90zyn,157506756305
osmo1wgezdpgmj5n4gt9y6nu8sgaj0zsk27j570na0k,12680749150
osmo1crqm3598z6qmyn2kkcl9dz7uqs4qdqnrhlqhhj,12280000000
osmo1dz0x992d8q8dcrmpxlzea269t6943cmy2epe59,49776761403
osmo1um2fp8trfrczynapymtryf24j2lx472yje4ps3,12619099157
osmo1s4ppa79zwt9n95c75eyve5aetfc2qyg5lstuhf,39516010977
osmo19j2hd230c3hw6ds843yu8akc0xgvdvyu02t2sd,114312000000
osmo1xt05smu3wv35n4qydt5xrdwcqnucqvlwnehv3p,10852000000
osmo1fca989yw2y4dgjx0hymkfd4ush8q8navd3rz0k,104070600659
osmo19hglnhnv05470arvvvc6nfngzx0kq39akm083z,27312838820
osmo1p2p300f6f6e98d6fz77crwkhytas4cr886dl94,71860248715
osmo1g4gtaw3s6hhg352563sedrms2vummj5eetfrnu,25267445992
osmo1gq7nek74pcf8qjjjxymts4ulrrkqfv0wvaqnt6,13491551832
osmo1ls8fxq9gh0w3ct8jg0gg86t64xdxt5gxzugcgd,18000000000
osmo147meckzxtz7a4z2w96psgznep8n32vak2u7902,24148316570
osmo138uc42gsw7cftnsg8t46p2hhjxtdev3ucg6lfv,16821000000
osmo1fujw9udraastqazedvz72xzlr2gvv4q3aaqk5d,15290770541
osmo1yl8jzkmcw36urhw0rg0gyfzghay508fzdcz77n,13648189002
osmo1zyhq3wfs05gd55ly9qxf64tm0vtyxyfl33pf4p,37438088851
osmo1nauqzyalv9rkaekghfh3kul8qejv4v4wat6u4r,133582467541
osmo1e0sjj7qkr6q5xkch4hlzrwtp0l8y5a5j6qc8m3,534080000000
osmo1j4nhd4ctuknsx9kkh4usss05wrejsvqaekasmx,61007056787
osmo1sl2e3rf6tfde3eyeh42vwacshq2r2nxqcg86fa,11669139460
osmo1utj9vnja2nma8mkgjmtwee0vgm6g9ejexeqk43,4100096215679
osmo1fsclv2hq9vf2jw8dv5wrffprh5ga623mxr5pcy,12028337737
osmo1dy4h30xea3hjcul938et76xp4098ua7z8deu96,20000000000
osmo1gedwk4nn8d3ge3efjcq54lj8p9r8mq5hha8teh,52947085459
osmo1wd4n3s0ahehmlp37axcyfglp9vtejk3aq9zqwm,43950401903
osmo122q4hktd2ygrkvypevf4zvu7vhd35z3arja32e,61414575210
osmo1449e6qd0cur0rzghxx44xn30v036tkq0qlptad,13929884619
osmo1lzcwcy9gcdyku3e2x073tfascc4dwpaj073asc,100097857236
osmo1xfx3pgwyq60jr4xp4z3l3h7xvxh40z4z34pjlk,39999986955
osmo1uqnsx0u7ea6enhe8rl2nnsq7zekeaxjup535j3,1095383235654
osmo15lplfap6htzcvk8j4j6x6tv7pxl3eah05y3s8p,5966285000000
osmo1xk5frhw0zn35h7t265zmj6tpzmr9hehhvr6vdy,39930724252
osmo1w7s0x3f93z8lk0eh9zuxgvds8y4r3fhy4ckeva,33273535698
osmo123jakzkjm9fqymrc6ndn6ueegtqtu4ah0m48ga,10052661346
osmo1gtfkmrwkz2ff72s2nx9jkj3ts3yxw549lymvst,14593028554
osmo1zy7mzvdp000gnqfv0vgkhwefsmhhffhy32qkzf,39779362879
osmo1l5t4snvuw0799ekvrqaf3ujmwndc8ekt6dhe4h,80218165145
osmo10r6sdfntmekq7n3ldyfvaq7mf0hzag90wax3yy,167441223012
osmo15ac4yml09dflm8kyvy3fd67fq75uz8aw3p8500,20481000000
osmo1v0xrt5c5qyw897h7mppdkp5e97q0p9vh6p8yne,18342886110
osmo1nzqqnq3scw2qakr4qxw7fjs2vakvaff0ne539r,11954822291
osmo16nfzv2cwc5pmam2ec64lh5t0y5j9447s4pm3x4,32075000000
osmo1kzg500x34jqxcklpplzcm7z80rpeykymlvad0q,11332766840
osmo1tngp6rt7numjz4tsehv2cds50tz5fa5s8tzjv7,17938995148
osmo1xd279rgc3hgtycch90g93z9w6p75n75u8zgkyp,28793504512
osmo17wkcra8v2n9h6tgtgljw0y3z8htyg9qgtdecmu,27406000000
osmo108d2mac4uuse6r4gqaxx0aqpgtgddt7s3z4s0f,13900000000
osmo1f0zwrlfjjl8twrsyxv22p8jdqtym9nja7t6quk,26673772719
osmo1zh9ugmzpl3sf8z4cvtw3kfx9fw43tcg2aspafu,220399816064
osmo12pgtk90nlrzqftdl2w9kewe6rrkzaszk2c9umm,20000000000
osmo1g9tdk9kcmptq033t7tp2yglpfx5kztuc279hzq,1976453286634
osmo15lmugaqt0vhv87r0da2kscvdlej74e6d8t52jz,17218206400
osmo1wk30uz6drwuz7vkjrml5jthn0c0m3yhdgc0vve,10048062883
osmo18zlv52m6r9kq9mun4reujr4q5kp7eut7ww3xzz,38900715263
osmo10l07uwzy2j6t7m8mc4d7wlpkmv9ayt4gh0hhpq,36001366729
osmo163yvsluhxwv5f88urwa9q5qxwgdvgv2jgkhcp0,50310404879
osmo1jt4lkv67ey7n6jxhn8a0lvqddqmdm96nqwa07u,15872118876
osmo1p6rkf4mmqz22lq5hz9k9yrnsvn84y55mkj6q8k,14458129976
osmo1ammhcx4g50mha94zcnu7eu89ejluafsumgznce,15243000000
osmo1dclfk37jd0uhgrtmstxakr0l0r5540jdudz2rf,10000922052
osmo1w9rugshphy0a849yp56klt5ul8y55mneh97t6p,18021653205
osmo1qtl3p007vd9zz7ws8xj9vyjt5x7elg7cc4vjzp,16500000000
osmo18u3p0rpr5u0ehy4pl876qxk8rxgzsh5mju4vjv,11492900000
osmo1na0tdzaz0mz78nhl56gc888x87pkyjf68w3p44,22598585022
osmo1fny0jkjw4jvtywt6dze0ulha8qhyylj0z9gtff,46295077079
osmo10lr95ta9wn26papdyn29xywzus5d084vpy42py,46772759249
osmo1nstyqedtek80s2arjrjpsmjacu9vgc6ptlctgh,27331301651
osmo1epr7gp5gf9ftkduzlkckmehqk9dyn063xref53,76590000000
osmo17z94vny5np27qdms3pf4c06uts63zvh8rgqy53,35730000000
osmo1xym2qygmr9vanpa0m7ndk3n0qxgey3ff0hrgwe,20695000000
osmo1h4uk7z36nsx8sf7n59umhankh8c9mpsux8jcma,10954490147
osmo17eckvmlaj256k5vmxsprxvewverakdk3xnmuxp,22632500000
osmo1sss4ckdtkjekmxv0g9p58dvputdxacg6zkyvnc,14473213002
osmo19yvvl0cz068qu4sg7v2pxln0cqm8nt77wdp7du,23654000000
osmo1mxte2jum0rjk8s00we7lza5sqc5au0walj6z0h,28584200295
osmo1yh8gzq85gculfv4pq6h7dyjxjy4ljdepjhj5xp,12010000000
osmo1j0utqnwwypa5aal9g6srtny6vsuqk3lfwhawvm,47000180000
osmo1usu55vk36p6fjdsmtf4908ug6g4eem33w3vyvm,108896627692
osmo1xyxtl8dzkjp9mhnk4hpf8rj9ad39xnmcje2kp2,28123032165
osmo1mnrxdn9t3spydk2tyxt48tjxykjh557dhl6pn6,25205260136
osmo1788knzve8u5cwvx4ez90ntw3tq2f4chl40xy25,29700000000
osmo1vw7k0d4356l458kqr089axyh0vs5m6kqa6gte2,44899812193
osmo1634u4m4ucs949avprl77dkf43m99cpdmunhsf8,319064357523
osmo10s2s7ws3t5nxkaffefxs7xxn3zw5r7tssm4n9d,11017011786
osmo1t056kwgxkjs3vtv9zn2lnd4y3jcjxz9kn84usc,61425000000
osmo1c8ppqgs26gy2x4qczjahxqket6yds2gwkjtgnj,12283000000
osmo138897rghcgukk8vumm9u2z7q950mwksadl244a,224665000000
osmo1gnuzzjk98qsetenz4q27vjplvmjg94mlpa5yg9,62344995730
osmo1rxayxssz4v2pyvrh6xnpd3mvs6cdauep0zvmdm,21433435499
osmo1nx9p4cmyuuyrwly7rwuk8waznalq3m0w2c39w0,19544344389
osmo1df9w32jcu23hzd73aq95j9uhynpsrshzfgehzv,157000000000
osmo1ha6wjnt2eaew862cypum4d4u6sc0efhlvewwv9,16756366584
osmo1c3f6rrxx4dvk4p9d3d5rx58m2ugymjvddxc7rk,48942781665
osmo10hcp7z7tsnwg3k3ct7zdcz2kf6rlv6g9yvm89d,17828325211
osmo1ekusejwdfrh3dpxm5u0ce3yj0kr2404l46qtlm,11600000000
osmo1k20nxkezmx46hmxfzfl2plcrfas20hvws8n7dk,13508000000
osmo1rtf8ddfa780h4za8j2dss65f7kccurmwqgls75,526872000000
osmo16vdr9z4d4k22wtaw76j56cp33ggxlfqmtvd20v,121785645520
osmo12gskjsuv84g4ulxfffzqlw8s342tuf05e8p64d,12686000000
osmo1uz5g83rrkgh7904snque5x3zysr0tl9smqp8qy,26422846866
osmo19czvc3mh5qk6ujq0655ccdagj56lsz0uuqmmzp,16039038134
osmo1su445rkrmy2msjen08v0rn9g5vemvzh32g2az7,42445832853
osmo1autehskszgmtz46ned6z9dufmgfq5d5whlmzt4,721027678285
osmo1vepptjfksqhsa0hl7x086slzjuzdv78vazxt65,11559000000
osmo16kyrz9h7p9cy7e4sh9ark3qr4qe0aer2ycju3a,107875606431
osmo1v8hayns4zauhwvw07tjf67lknq4ptdq7vnjpu3,12158845882
osmo1vk405u5kwrwv2g4yvz3fnttex937pqlnc4c2lw,16625000000
osmo1z972vzn799yg76ryr2e29qeduacsrn07tmvzrq,33198014695
osmo1xlxjgawakndmp7f3cgpmwuxs7qktrx6t7zyulg,13712144905
osmo1rm0w7hlqen2zn2u26h7jwfzj8q2qr7hxajdja6,30175940000
osmo12tm47mx4uuzp7sajrt3wnu7e32drdpy8xskgku,39882004436
osmo1xcvrq5fxalld6vvf4t5l38jlvdlj3wh46dfg8k,74823440000
osmo13gvqalusnmapjgp3e6gnk9q832qv3g3ujfhmts,13126000000
osmo1w9e4nk4qqchvvm8s7y8v84xw07fe3mx67d5zd2,19616829030
osmo1h2n5m5yzfd33yz7eypjjkadskhv58d4u5rzfee,122300000000
osmo1lyh6lpuamrgs8e4hzyunsgx7l77vpc7uujw4gz,18550694384
osmo1xza9e9g74nyz4vftzr8rhnlcg975p7tyd0xq76,10200000000
osmo1wa9kcjp8w34ytuvw08esvxh4x027u5creaq548,24042588651
osmo1s0aywgc6rucfscng07fnw0fj836mhz6m0clkme,24687275408
osmo1wnc5emxmftn2kzrjpftu8eyraffc5cwftgp65n,14781095615
osmo1x20lytyf6zkcrv5edpkfkn8sz578qg5saxene9,26202746650
osmo1wf7sx6gwptrgex3jg2fpljzs298z4gxp63pjvl,15465370543
osmo1gmfa375h4rfvwztqngzunptaen7smvdqkgfl9z,25000342273
osmo1270sj2z4sqv4sr5ejudm7gm32am5r3k9tuwv7n,362325239678
osmo1wrndpv4fr6pvs7cf2ae8ljycafq9pmcne9uqmc,13237492547
osmo185js2lfavpvhamacsphvvl9v92vccgynd0xtcq,10358192751
osmo1jlya2kd6hdjez5lfsl59gljd75fe742uejaste,19395388605
osmo1ykz3n2hmhqhhj68wvxruu77py9srl0daejvxa2,47203551419
osmo102adepsvk5g25grfwrcdxy3yl63skx5zdgxmvj,21474057983
osmo1srf9uyumkcrapmqdeheje4jh0w9evnck2k5844,84998000000
osmo1ud5jnu8uey2xw3q4e6lk38cjej45998ws4l8cl,18364268294
osmo107pl8myc7pqdu5xjylkw5pzracsmkxmedaa5h8,65294001000
osmo1jsyzm7jfycehejr0kn0g03rq35ngjnqj9ykhmc,25118107267
osmo1ehgkl2lztn0gpxa7n9re6n949lktksqgqv3zp3,16411050145
osmo1j6gd9ttw459qjxr3026jxc3sfmvdur5rph5cmy,32365000000
osmo16y4ysr6htwvklya3w9t0uc275gnkemva6jk3yl,24984706468
osmo10dx3stgdk9dfecskd0j6j48uaku82cue9fltdc,13195743917
osmo12hnhnxtej4qqq9072lc2rxva405wpgsr7td20s,10257179015
osmo1nl99fk2enalj234x4k0wmj6leps2803r99qa4q,56274159916
osmo1was90knluz3wejevhsgkfps09hl39shyz55yll,118398398876
osmo1xpfc05zwa05pvv3rqu5llr54fmw5hyh4dlrc5j,10715614586
osmo1c6uwyufphhpu73h8pt0tjlj6hmz2tf50dtrtsl,670000000000
osmo1pfxkckpcpcc5su5kydwsqa9kwnflfurlfp8h6j,13886584507
osmo1clpqr4nrk4khgkxj78fcwwh6dl3uw4epasmvnj,47185200000
osmo1v63q6ckkym7znwmey36gzc0tzzrapckmfkzmyc,13366000000
osmo12ul8z4ntyj72npsd92k2gufgshkn7z38kyhqnm,18465928484
osmo1dj2ls7nkt3hfzwg4eyp8xewf393qdf2zj0wewy,15026584317
osmo1asctg2zycnwz9x7na39vc2htzl67n5rt9gatfn,97979663931
osmo1pa9rqy8e2wct65v0ku2pzf9egpdynl3cjventp,13929883725
osmo1amqufnrxh2pnkg20rrsp3yt3vhs4rcxknpfmf5,11756000000
osmo16l5mcp4ar7cl646r6nmy8q7f5ujzxxde7h3pew,49530000000
osmo1hwcfhkfxjpmv083u0c2n7h72ez8xscjgalc2y7,31243251250
osmo1zgals4zkgun8fd68yhtncl0nxn9x3ss0gxtl29,11010000000
osmo1qkeee5tw3lgqsrxmzgzj0mf8qrlxtst4c85hay,268598091775
osmo140mtc9tsl84l5udw6j6vn672nev95w69ae7jhl,17049559554
osmo1jmd7du0f4zshyh5cgsn6v5mn09vu9r4s3htsde,70566689401
osmo1xy3ahdmhuu0mnw473qagukw9u4g208g5rk9m96,34546594315
osmo1lnkve7rzwaln92y52twpgj0ve5myg7s057zw32,153380544651
osmo1y0ayc7p0fvsyymxnlyfhm44m95fvthmws9ys8y,10607424773
osmo1gwuzsm5cccy97gtjze2lzk2jyya8y3xrhntt0c,41990551983
osmo1sdhal4ddnqnnqp8d5ymz3nzh9utsw2el2de6vv,11253146858
osmo1q3y02czchyyevzwsvj4pf56c63jxt2ka84p30c,10755010000
osmo1s5uuge84wsul5zlxedxh3wn7ypml92nuptaals,23212096101
osmo1fxma4e427z40hau76sh7qtspfgyjgqd8zwulld,92522550361
osmo14lultfckehtszvzw4ehu0apvsr77afvylnn8c9,189435000000
osmo12h6q67chwg5gu6xzyeesw6stse82jhrhk8n539,13043900982
osmo12g2v4a7ej468c023x9f98zl9knddtwq0t78ve2,48858337058
osmo1049ye8lese3s2a6rr2quh3des6pynmqpd737k0,12234969482
osmo1a5zs7q00xf97vc2qegd5crt62rpzvl5325zehr,24604453611
osmo1tl6p366f3227fjwpxnlee7k9qmzwzx0u3706zt,57078335740
osmo1pkvhgen9ma5qscvfhydxf57fsxy43722ll5vny,96370011388
osmo1acszd5jt3ky65zlaej83lm36f6lu9tw7qh2zys,68923937491
osmo1zfkep87pvq8grgkf7dslu4j3adpk5s4c2fxcax,718338839357
osmo18cy4nxpk6fa3wraumu952ezzfataunqsfnu08v,18081571871
osmo1788364nfp0zv6xgc6ctvt3np0dvhur47xhzsln,24926756795
osmo15k4csangrcqsye0venw3e3p6gvxx0jr4txw80j,15040543961
osmo1vax5cuj8a92940x0th678th8uqxm0mffsfzent,10693935996
osmo19gv9mtyt09vmu8qu6c7v3qzvs5t7meevhdgv64,14766421283
osmo1ualhu3fjgg77g485gmyswkq3w0dp7gysh09ted,68398580685
osmo1tdrq5vs8wkun9nppxgdrk25j66zvm6keanlx6q,3848114000000
osmo1nhua7sma3gy4txdtkeyedcukqjknsz2hup4lgu,10050436103
osmo1e4vye322gkjx8n85jgcclnc7nvdvu82atuy397,67175155860
osmo1w8luvtswyudxvtgaken5qjsnf7xtlwtsh686qr,35698445413
osmo1q0tnhvjuazges9j46mfpr5rvvhtafdjwa8nmvx,11947000000
osmo18npp0s2tffdx29qc0wrw8d48xrgcx2apxp7t68,15000003053
osmo1gryhu23mkyyckcw9840968yvfary2tteynvkwr,154324000000
osmo1lqxasrtznu09hffr6l82rlaq0mkcmff6te6mp8,11098000000
osmo1edkgn2pp5ealk9wtc9az5h4cq6pafnafw9wx25,20245950000
osmo1swcxvugmsgnzgd63jj0w0yyxntpyrtjrcen8qt,25401388089
osmo1j3vunhr2xkyp8v9ukynuxk7rewkrmvl386jxkz,10275235621
osmo1gnvjvgx0x7v5se42qh2z83pun3x5a2nu5t0mvt,279769000000
osmo1lzd8cdzfp7tn8cplarlpmxupeup08c59vdennt,16801659078
osmo1k9d6avhv9n6mj7dvn4x2pq4pzdr25y74mewrau,11162290237
osmo16xm70jenkgx64ccq64fa7g2drhnga5gw3ujkd6,15058352613
osmo1uvqdyc8cs985r8qdkamz8df94lmrrahljusv3j,27762152079
osmo1mh5sy8y4apvetwpkrkrvj8rst9wtff3w7xmnz3,14580000000
osmo135fht496a7efwxedldzeukjrguwg42uqpsxhx7,14001792943
osmo13mmjxwrgsx88hhyg74898m94af6ksv3hu7p2yp,12810413175
osmo106rfmwj6w6x3fda06zya5pdcygm8774u0wlr6v,102258000000
osmo136p9rudfuncz9dydp5nu0dqfvp4f4wnz4m27ph,47106405194
osmo1s024nwnpcrqp4v277tj74fzr8cwwgmh52p8eht,12947000000
osmo1vkxq45an94x7av85mp9kgnhgep5ye3anppw3n0,63156000000
osmo1zl25l8zutffypzacpn4k7ney5krh7828fjep0j,12844000000
osmo1gtl0hehspqk622wafx7fnfxx8gsv57ms9tre46,671226000000
osmo1zxscg98uapdsh5hmc5386vrh483m5nmn2uw682,15000000000
osmo17ltg8rs6ncnl0s90j8yefzy2532g2v37he23q2,25041500000
osmo1ahannsepkam057pkelu69mar3gkjcnvd3k9jvy,14183850238
osmo18q8ngt6eqw05sp049maratutss5dlds2njelf0,31019832768
osmo1uaux0dl3gh40y9czng2eqn2d52uu8afvccg2pa,15200000000
osmo1jqzwlz40a26y79sttzllx3kw232ags67kkr7j0,64646686942
osmo15w48fcnndw0ygz6due737udnkc9cfefffk62z5,18000000000
osmo14zlpqee45exwwgklx0r0w720dgcv7trz3xycku,25000000000
osmo1k3xf2zsh4qut9u32557tx6q9jxau4636466d7q,39805909281
osmo1jqpl37rn8xv63apsw47u05evp9g9p34g7elemg,21554198177
osmo15udcts0v2p3xnnazsxjkxq3kwceqd8wpxyxkdn,315679645262
osmo10q28wgxk8h4jaxwxqwd7zm5ql9nkl9rf4jxh8z,11457224247
osmo1qqqp2a9m665lywtjjskjnrw44a9zmdll74uumu,22911720859
osmo1qlagdxqzfpczh8f0fduz7fp7d8gvlvf8l4c0n7,10071670665
osmo1ajaq08cg2elu4lufd4arfreus8y79pgc44h46n,25446000000
osmo1v8v27c0klylxr4sp42y29kct98cyf2jx3747p0,71989979149
osmo13y0h3hexyhwnkqh947skt67ahnrrec3g58ekkn,13977248390
osmo1wlycvce47qsnu6d8pp2stz6332u7292xsm2ln7,27361548556
osmo1yg93sten48lv682wkqg3jlhzee5wxwftqhc9jn,15487815500
osmo12hyv6qsvd5ts3pe08l8euccrunmp5ry26k87zq,20000006305
osmo1w65u4vamxjezafrxu3dtjrzrv7tkzee87a8wc6,10020276483
osmo1ryg8q4eldac70jhd8dxs3ca385484ja3asslnr,15000000000
osmo19h5damllwklw6xmuz0lct4vc8zsxkdc30w95eu,10052235095
osmo12usue8q9w5mmvuteh0k40h0zzutlm9k0c36am2,111702779056
osmo1pxxxte323hkrer8ervmgtnlfswkye03aud6xqh,10114843257
osmo12ctg3ztj92qtea7na5nx4cgw7qvgm3l4cvqvu8,13929886466
osmo19wnt5h3ae6953k2xlayxdwytaddt0fssd7lqpz,48182489665
osmo16u5nwdysmg4583v0cfz5usxkvj7gphmme335j4,79754128893
osmo1nkrsk4e8jlfaprmn282zulhfvw00gagy999he3,18358000000
osmo1pne2ccrqeh36ap3yfv4j38pk760xxpvzynd7rr,12701525011
osmo1usrqqtsu75j8d5gf932gc8vuh7yly62nq09y4z,31758184430
osmo1678dm3re67mj3tjp2vrdn2n7w88swa3uxa74en,10113113839
osmo1xvyx9z8nzw4xg2f4z72pad6fz9fye75k2jqfgx,12877536222
osmo1vjrx0lks65yefnsz4xk92vugda2z25esvq85hn,761673196025
osmo17ehlscnpfy6c8vur6xev4dzhn7h0wuurzphq9m,11987415357
osmo12a0sznx7yxmmumlqk9jy0fvehe2hu6gkcyc8ea,17594360360
osmo1zyqm8gmermk5mfncpvkdapaa6az4yy7kvfactw,55000000000
osmo12vx8pn0jslay9lx0v5fgjqhcgdpdx6xg6x57m4,13700000000
osmo1z0ssgfj0khzf8fc6x2j28mysgalug8aegpnr0m,13774750112
osmo1yx4yf65cwzphxpztamwdwk6gxxm8ctzsy7mhsc,39072204976
osmo1yt50lkgmpuj9g5jcjjc4vh7wh6evl78y85gx92,15381358880
osmo14tvu52fu0k7nwevt7jkd4a9w964wnepwqymuyk,35245134734
osmo10k8l7fale3ygdtxsz6g9v4832uuyq7wf0wfq9s,10036000000
osmo1h9y42wxzfamawx2k2dg8xngvl55trz46m0khk8,10628170334
osmo1af6cafxx4muhw2xjx68h5d0gh07qmugklhfz08,32837369263
osmo1tkx9cvhw8g9hwn3kaemfejsq5mfkx58mlxnx57,40129882517
osmo134tdejaa2xvq38afqd4r7z7etauwact3rlezjz,12000000000
osmo102rn2tawg88cwtenl3wkfkj2gufvldgudxh48h,116437629196
osmo1mtq24m9c65czcx6qhrp2f2vqd3uw56m7kwyem4,10053696164
osmo12qt2tm4eh50yfnq2qlkpgzj2zassldkg6uzq50,24150739971
osmo1rwydv5jdmt8lje45ylxtr56aaw3e59nsal4l7v,16217608656
osmo1hqemp2f2vu7ls7gpur3wdmmz7zxwarvres8t5c,390610280647
osmo1fjs9qpuvkljdwmy8w3u0fcycxrjrkdhds7686j,10515000000
osmo1czxk68p0pkyxlrgvn09neh7k4an2hvpn7sstps,11000000000
osmo13rqwctds7e5cgleey2vzz454t9l02nklt4lqnd,10482556097
osmo1y0t5g650jcn49v66ta4ueumkd6qwxp4q86r6n6,22755000000
osmo1l0jz2prjtlgue4l3gvz3qpk2a2fdymr6vlgthe,17211752159
osmo1rztefn7kv9jj7cmcpx3d3fm5upnzwc3sdj56g7,86345508814
osmo1d8y793dxmk6pj347jyjaad7r96t6y3d4dpsgc3,430000000000
osmo1lc7se02aknh2natctmxdv9cvxcxzevnanlpumv,52650113966
osmo1083svrca4t350mphfv9x45wq9asrs60cq5yv9n,87603294760
osmo1nxm489uufahfgly4km0qana63jsxdvwx3xd208,17750000000
osmo15er99nstxx0tk6nmjg6nlxaxhxl9l4txrf0g84,37897947943
osmo1dg5c4ueyff3e3m7pskfdcqxx5r3ckmu6j2u9c8,448781368500
osmo10905rstxf5tzj0w6gguaa76ma7s32v48hnjddh,715532167208
osmo1zrlfpn7qyumjkj389pzulldfm08c26pgvkljvn,17404000000
osmo1w2q5xd8nhylu4vj28vpzfgag7msfxf0vwu57lj,20000000000
osmo1c4qnf8wrj77qzhc4hyndllhnyem47qaf9y07ds,90967427091
osmo13ncl2vfyatdua2adu8xax7v6g8m7c0lx29gmj6,55927041292
osmo1ktckyndpnm72y4k08htts656vaumwf7twnffva,543920141766
osmo1h4pj6gcj3sczelgr9lzrjfurtk6qul2hl86u2m,10000000120
osmo1jjtsvgh37mp72kfyf24lz5hg2m7nfnrahzwt3x,34922264513
osmo1qp4zmzcya7xmqldxam4260ykgzyc3vdfez372w,1013070000000
osmo1p72426xg706ayu5u2z7ygvqyqf4g9cahk62lxr,17132045448
osmo1cdgyfuprpaluhzlywt5qz0s4n06re86u5zp73g,337875607413
osmo1mujqa52fnxhhpjegx6kr8pgjqqw3jyk4efffj7,52000000000
osmo14xgdfdnpjtulj6p7rkc75ekxqjq8hc5ckaf8hl,49759000000
osmo1rceqvtgrhvce9tnut7eqxcc00vt24358uu5t5y,70207416638
osmo1r2ca4daaqa3x6evxdr5jsxqqf4wfr3khe8c7ld,48116137150
osmo1fk3lyts8y3sjsudvyn37nkkx3weul0pytqn6ea,76802437421
osmo1agc7wrv9fx9u9zaqu0xk48ekp76ulrev8vdvma,80148893265
osmo17xjgc9sm5cnxlvkcw3q0zqktaevkaj872yne67,13894223008
osmo1culk5su7wls5ndrzu5pg2lqd5t2dchlmfazj52,17353808617
osmo1rtflkx6dg2kpl4uvla9ls3dhfquetlcf8ln5cu,15944865580
osmo1y4nvllu3sucusqepys6elsl63xkhsw4lclq5dw,12582000000
osmo1shzdv2ke6dhud0y6n0vf69ss8asxxptwj0z6mg,11031283642
osmo1swq22ydey4xp2kmgjpygtrfa9lcyk59ppd8z98,21065237349
osmo1s7nxav9fmfd0ssygpwjgcg8w9wngauhr70twgl,29774905544
osmo1e0d0daqr34t7kgdumgrlrwf7xye9alqf63qqk4,21000000000
osmo1ughefhuvfuesjy0f2aux9q2jsntrpkg8zplaug,349943959940
osmo1taylhrc083qc4n69tj7z33v0df9ty7rpaw4fpu,36950000000
osmo1lv9a794ezpqn23k0qjja6p9z5c7tjyd528s07g,39000000000
osmo1ewmcegcsaruud6a6edha6zmy3e8mu3zeexg627,58532821010
osmo1l0w3fa7d9nlpnp3j5flsnd4hvrpzrnpxasls7j,61314657926
osmo16x03wcp37kx5e8ehckjxvwcgk9j0cqnhm8m3yy,12305057530
osmo1qs02d3hk0caqlzh4j23fndfnrr7vtku6rdymx8,300987880000
osmo15xxe92zqm88r0ea5xnh9773m5wkdaxscuas80x,182300000000
osmo14u8pw67d0e09ekldg0xgjuale6g9fsu7eqvmj3,90161000000
osmo14eflcqm6rzlvauwdvw29gg2vqjmddn0937jd6y,10806000000
osmo1ggcxyngdy2zk5ef3spxkyk0lavfxx4yhcgnzg5,50000000000
osmo1kfxu46yhksphklm7fla9naewt7uv0nrdcz8qq8,10063218053
osmo14ax6nx67mql8wjftwrfh8hfnk2hgawptq7ppka,33015000000
osmo19uustmrghfjgefmny5nudjj442mpd3h74kcvf5,13170000000
osmo1yeyafzl0nczpdwx2q2wkwkez7za7uwt2px3s25,12581947679
osmo1cp8r4vc72m0265fdtqjmyh7k8je7nve50ugjqy,44208652011
osmo1mrx4yva2dhnhy30upj076arsk56ephftaqeuwj,88497249609
osmo1dwzxaessw2fpvfzyh4wp7kgmgcfgeqth6xjtxh,243291000000
osmo1wnpak7sfawsfv9c8vqe7naxfa4g99lv749em8h,10936500000
osmo1nkrxserz6azcsyskh3n2f46px5km68fg6xgg96,16120666818
osmo1ptsyy0nev6cd0yjac82rhhn7w782pe74hwzsnc,10616216812
osmo1jp8uzrt8p7g27q9xgv8s7kzyktzhhklj6m6xvw,14793479817
osmo1ml7f642qg6wydlg8kqe0ca65w4wcl5lskcumng,24021000000
osmo10h0z2smz6s4yp7cqnk5zxqf4xy37etc69388dn,14411361859
osmo1f3l238dzr207gm6wylye6986d62sj2vcsk07cm,11980474865
osmo1mj87pmshxv6u04s3jcw9dm85d87kc7lgnz5yhq,15538782482
osmo1p9fe8hku9et2d757u6d77tjj3n5lf45x5q0qv9,16466570671
osmo15xqgwsp0lna26hxjq47d9eg62fsknth89qpzn2,20851873103
osmo1f3pp2agme9fqeaw7qys7r54c67x3hulsnyfayp,27444795897
osmo1u9u5wqxpzwkgxr5wyuvkme5hre5fayzm7egfyk,58757326515
osmo1ehkfl7palwrh6w2hhr2yfrgrq8jetguc3z9wnc,33902267394
osmo1enu76xfqkadu022hkdg7rwyc4pqq6jzn3zy395,234644970917
osmo158gffeys5xh8ytf3f7x57yuaajzhm6faxzhz6q,11220029885
osmo10e8zyhyyq82vyyktk8jnj368euqlhgqxn57742,27030823816
osmo1lpwk3ea8zp74mt4vumu2eu2jd856hhj7wezkxd,29880189214
osmo1e86u57464w3mxedrzm3chatvcd2z89axuvrlhs,20301000000
osmo1eedgtj9d8339xy40t8wy3c2rsrssvgl84yn3j6,11878350000
osmo1gjseyfgcu7524lzdw4q6nhrcyhmflp70rj9fl9,114849880448
osmo1447ffn7mtr53trn4egr73qg08fxr9tle2rr98x,12486000000
osmo1ewmayyze0svkhhsq7gs5yc9gv8uezn3thc2xk7,30002000000
osmo1g0x6ed2fn7kqrn3058cspkfnr5ukjqun90kymu,12745000000
osmo1uunpjasy0es2ywe987qwmyscajtnj77vs89daf,33320000000
osmo14fuu7unf4mpjded4c732qfxy832vwecsva3kll,15990000000
osmo17z8jtqskn6xnyqmhhk2sw62qm3az009x6lr425,12801872130
osmo1r2u5q6t6w0wssrk6l66n3t2q3dw2uqny0l6fwk,200507020989
osmo13axkauxjxulmvjyskppf8kxec56fyl96mfghkj,13300000000
osmo12v9f0a7rpwkhe0f38esy3haudx0gpzcmys4w3z,22164306264
osmo1vf8jqaz3d0jlz930clk8qcgkej3fxld9nnvy65,10044173355
osmo13h2u2a46nsk4l2ayvxkd6638lger3v04mz8gal,28728800000
osmo1s8n824e5p5chavmq6j2se3npxyquvxttwlfdxz,115000000000
osmo13mmvsem7kjqr53tc9930yfc2s8l8j27efqzdkq,16438880884
osmo1jxluh2kly3g9ends0p330n6fpmzmfyqee7dkhg,11092000000
osmo1wlh0f94r6c4y5nwsqlxd2384jmxlljst4q2yen,63825950512
osmo1en42w0gagpt9kd635f3fr7tz4dnw4nth6ew23q,13622916835
osmo1mauzl3xgl30dhg2xt2hmr5vwjap597mzxgmwku,208770000000
osmo1fauzltyrzmn6rmjhf92lakdzfd9uy73w9gphzp,18103309753
osmo1y9ls725ta2pzqzdp35n6uf29kxwn65nk8nd522,14619417023
osmo1ahw0tja4dldvmf9vkhaac7vnwma5hh00sw89qe,13760059509
osmo1cql9ska0xl2rkg6gcv0np4333gn6fygsem64e3,83088000000
osmo1wcx3h2cev0j6xj3jud2xhlp7r8tnzm4uax3ecr,11246587056
osmo104fnttxcgxtrfvvqcqgwydgrf9wn0m9we8zfqq,17918000000
osmo1zn68su3z8p3maral94xmpe2fel4ccr50sytd5m,10315491886
osmo1pknp6pynqn3y59s6vxg7cx5wu6ylek6q5jzhn4,12403247114
osmo1cw5ddjtyyguqr0yrqv72v97ydkwtngzvdg06dq,11408614380
osmo146l37udxpsph626spp5cdz4fnnttyyqgy6l80y,11170351655
osmo1cyr9a2ytlpp6ru9fqnvx56wcumqhpy26s2saxc,8823529011000
osmo1u6gux47kqfsxxyk74uu0fy9y8y2rxhl0cqmkhl,30000000000
osmo12z9k00k7dje9vnpfkkqsr0e7fy795dqjxj0dnj,26100000000
osmo1akwavr4cz4j66gtfnuw029ueuaa2gz86vjl39m,11311995517
osmo10n2qlepehdgxvwuu3k8qrnszf7pu5f2c90alfz,29585135448
osmo133vygvaxha5ud0cepd8k7z48r4w07vqw0mtnwj,59413295065
osmo1znjfq796hxmaj85sjmp7tvy0e50v8g8glvfjfs,48480000000
osmo1ee2puluu0fq2hfxweye4m3gux8f7qqe2qx20tk,14805168686
osmo10e76vpqgr5m3e9ryv78z9m4xpqgrs3ehf8qy04,15862751074
osmo133957zrt92xqddgc6g8zn8cx2dl0cqvzlr7hwy,3802751943960
osmo1dtq0y9reqst7d99fd3c7x6dflh4eazm4lx5sk9,7086751000000
osmo1n4az42l38gzqfd39cfe7qrs382ydf3tsgglkh4,35002000000
osmo1k8dfl9xvxykc52z8m8xntlw45azap4xzfalt8p,20368000000
osmo1fdnnea4weq24avffz9kknddvtyt6a8d8m4942m,10054108871
osmo193q55wg7xxrl7yk77cf3n4z65cruskzspsj4ml,36130000000
osmo1747pntehttk6rafrkaeu64uyhy3fxtuyqnsh3s,47378762543
osmo1ww5ah760jgrk2guswq34zc7mmhv4cqfygt7wp2,33000000000
osmo1nj6dh7y6r7l6vfz9zpg09smejs4lk6pqjaedxl,10100000000
osmo1dtc3678kdkh26rany42c74gcwh4qm7kwkk9h7r,12040953423
osmo1jwj86pudpjq6zmgec255790sxl86zxwfswwawm,11041370020
osmo1awr4rwuyfa8zp5cg6s0acltg2u8ylnglj655jj,20187980000
osmo1crckdhfjpq4rn2prnf484fk7n239qtnm4m664y,34319092073
osmo1wtp7aysmlt07j3ugwrnffd0wxhsd2ju2yc3tkq,10047763839
osmo1j3z2lah8c4ppfez9029224a7aptmt62600w99f,14115721752
osmo1p0thdn96qx07veretqvae7ugnxsgfcx4mk968f,30214724818
osmo1w29q07ffksumkxm0rhzd2r3vcgdyjaftmcnshc,16211800000
osmo1kzvw9mhnldjjhpfxlavhq59wn3d0yzkzds2ekh,198911143937
osmo1nzd8jnu69w8eux3dcg4axxyarm7age86gcp47m,359505000000
osmo10yd5xg5y9hm98rqf9yflupdu5r8770t4w7q2qv,13443134917
osmo130lcj6xtxm3tej7z3dnr5pv5uaauxqgj2ef7c6,10000262710
osmo1kdq58l260vkhndxtj6wflxdpxx7dh9pt3sp8ds,10221254625
osmo189cq3yr0nsgr67cp7q6q0gj4xv9rtzkkk4f9y2,10004093578
osmo1hnhsp3mg6uu7587ftrr73fy73sdmfhrhly08gx,13856304321
osmo104a4pj64l6grr65ppp7el72kjtyjuuh9qj9jk6,12880878483
osmo1j5ddl8ldal3ecrejet56k2aegkkgwv3v5n98kp,21650254531
osmo1h9ka7lj56e0jezqh06fef535yezpmxgqmtuurp,132996706347
osmo18uuyxlfu4dhr4c9m4wg8veczxhk768hs66hvjx,247038137790
osmo1ut0yh8q0r3edk6dh2qglayvdmsfm7pe54rdfm7,10013251900
osmo13v7fgmgwaz9axywtzu7u5fufe7zu6s65ytn7zv,12147000000
osmo1z60rhj2tanngtjt9h4g6k52p2qphfwa7566hdv,19850472740
osmo19kxfw669usn8lv3fshw24cr9vczv5lrzd48w96,17746370420
osmo1ru28m4a0c575usk6ge5cklcgam54tswcsm6kla,15000570647
osmo1mfvnpnnhley05cldh8mg2jxxs0ey84eph7e4xw,13543161353
osmo10386s0yz7grheny3spfhc3av2uwk52j3ut2kf9,10223613965
osmo125fyq7qtq77wsruk6sqq37fssdsl5qerprmge6,11937957225
osmo1hcd0hjf6kskhvhvs77c95ms9lntc7lu6kulglt,10022559191
osmo1tvtx8f7fg2afykdycdxuwc39fdzyuahpk42q4f,53874839201
osmo18v9z53lxlwzc2mq0e4h45cmr64gu2g6wjl79l5,11742000000
osmo1z43xyyaflsynznrwfujlgtrpwmge27qkts460k,14161592115
osmo160uueeuxcs02efann5f6sjptjnrkydglqnq9pa,33618547551
osmo1pfh243e50apq0zut00vyhd3sqek0jthcaey9eh,24560990663
osmo10ven70nt35qr3yjgcl7psustkmrfu35q7nr5gl,612739077900
osmo1sjp8pfk8l3x90hrz9rnuhuf6khtkxn7afhf8z3,140034088031
osmo1caw7s809r7dlkzt7rv2c9km4p94sw9wqqfljnz,24248803530
osmo12736ed7frh0uxwv2tm29qz8v30fe03kqkc4pkc,11682593988
osmo1atr2q6r4nx0qfdergd80s8q249rud0sn2hw49q,15277559651
osmo1a4elz2zltdxjjlps5zxqqw5hxvv6fg3khjl2qp,13180000000
osmo1zc9cx7m42yn2fvtk4xm0q83gptcl7z0psctw2x,23255850287
osmo18nsjevjsnmnfruxwnh53nejkcv7mxvkwefjg4t,28283802341
osmo1v6keyckgr5nfnf4rp6x6su5tyrwzkee05r6wzt,10050900000
osmo1546y5dd36llwtmyl3pfrxtq7tzys5853543h7r,77002219880
osmo14qzcg2r6eflftr4wnsxwx423lu0v5ts39yaqfx,20325488278
osmo18qw9ydpewh405w4lvmuhlg9gtaep79vy5ptqjy,228589841187
osmo144szs52wz8m74qpx07uydzlxf63akmhacjqxhv,10053035992
osmo1szzft7n27zrsq2la9pwuqpj05afcl5cf6q03td,34398978108
osmo1m7wazwdagl4z0pnmlsrseywzpf8hfhjzcq7nx2,16390505265
osmo1gxsmetwlkn2c2p9cp9d0s4gepqnj7pd6vwvtz2,18378311077
osmo1agzky2ak6xs5vve3c2wzjtqdq7fwadcgg84fm9,37158356653
osmo166qjrwnyrsdwch6umtuq2cvf7qs0e887qsdl6j,13134052187
osmo1mlg47srkgcfr6uwsq4y0swjyzrqhjek09220p4,18285000000
osmo1n9zzq4wn7aktfu8rzf75yj9rthrfezf9wtwcng,28526000000
osmo17p9t04rxpwkktw949km70d4u978p4x9kg3st24,15106817965
osmo12u2mz3kazwfcug3w7cygnlrqrr6asenvtszrq3,306766200085
osmo13t5q55ldhga5f48cualk8ft06lrhv8xcju7v8v,11660823915
osmo1treczrfhsjdvlfvcgldt7d94wj4vhk3r228f2v,43252000000
osmo18vtjpprj46cz4kvqk0wj759vqsckycv8yvn0hk,66771741691
osmo1k7hcerv45y2jgx4wwnj29mqfwgf7x9fjd78qdg,82107781336
osmo1s2xyk83gun3kaksjta69q3cwsaueqmysv5m6ak,38548331338
osmo1kt4ectnx0mnhnhpx9z457q73ad26fm7qjd2yyx,16439963007
osmo1c2pcqav042fpu7w9rvs2h6qna0hkh57em0z458,58153158446
osmo15px8fcsfjfnfud7tynfe4cmdz7av4m68h70rrm,11701000000
osmo1tghgz0mvgpsxtyr8t8u8unlqd95fqxfwt4t04n,97907002184
osmo1gdgx34jhu0hjvaq5wuzwaapa8cg8mc2j0kjp4m,400000000000
osmo1yrfrn750aqgv5c627ccc3a04m89uhssset0e0f,75812889965
osmo1vhqsuaxg52gvvzwyhqejvwfved5ywa3njhv9fl,42656896754
osmo1d0hk2gflp7hsejy4t2a750g34w2m9nelge0u68,14470000000
osmo14tcxx9z6gtdslajzz5qjlxu3vl3v23djvyfm79,562245303739
osmo1u2lun32ev56ce7dg4t3947dhavnkuwlezk8tj5,33980000000
osmo1g2ptgercd36pmwe6k06lnttts6kdswjnrp6afu,13172025410
osmo1jh56lqer0p4xk3atly8p2ujh7lqkfd0tnzaws3,11129376086
osmo16vzpwgdfk5m0g4wx6ghfcy62scclwq36laxu45,11900000000
osmo18ekyky37lmusj9rsfru7f5w7p0krcfr6ncyac7,18900308652
osmo1v5l9p868wtf3xke2th4z73ewne3y3ydw0y346w,36323000000
osmo1smvthp03z44wl34d0yxfszwkxjd0y7su7zr3dg,15041423252
osmo18jmylp5ddfhv4gzzm0lrvk92xy9aa6x59s94zr,49424000000
osmo1ft9nltwr9dlcqj7p8k2wfcqzrdw8jy6vyq3mne,92521976646
osmo19apmqxzsvpyc3fn9ay9rtkqrege5p9th54y3uf,10680474933
osmo1h3u03manfdradpacrc2qnl8ml2y58v89g5g6ae,303644216423
osmo1aak5kzzcml7k898q0p9kx88yz3gvevmeyunxkp,21667412939
osmo17cxutfu8wpl6fh9pttg4uvc6f5htd5k0fkmujf,20000704761
osmo1t3ejmtg7ptq2zkaean2dhtpl2remkp9ker25mu,22218000000
osmo12dgvvmy8rv2xvudwa2pzygd2mdzjm9jx7r8syf,61725562808
osmo1z2qgaj3flw2r2gdn7yq22623p7adykwgtv5pvk,10942000000
osmo1qfyuh2tsjtqe9tnjrafrxq5272ck2f5h9d0k7n,20207000000
osmo1h9c36kh8df7ma9s88kdf3uk72a25xz4q9c2ad8,24261556587
osmo1kdh43rr7e6cu0j3tt2wd4w8gftj9ugnm8ufh7t,20000000000
osmo1rv6mwrrct5r0slr9tkr9k2y8um2r2htsa54fd9,17912128135
osmo17h2x3j7u44qkrq0sk8ul0r2qr440rwgjmx02jk,226769945844
osmo1alp7d7p80pny3dvzpp8a0fr49mmututy35nesd,40510400000
osmo1ltkezq5a0493kudcny7ka57z8whq2ae3rcm78h,239527271909
osmo1d6ymn9ulxju3t62qz6c0fcvhvy9uywpc5j5fjn,26732613184
osmo12qvd909wn082yzhmyn42h8uwatqts4qcqarucw,12676876552
osmo1d0new9u2f80rcmmlw0zftxeh0385c2gwg3hr0t,84627523329
osmo1pxa2pzxmxltaeu5rqy0ynnhqmja9u3ryw5x7mz,14055119538
osmo1h44gnqvdhqmt9cfnc8ed7y40susanz4hlw7h8h,10109000000
osmo1aw9r2mrvsh9v7re4sx5pq7e2fgzrvcuafcfv0x,80313980201
osmo1yxmwwcytdnhruzrzmce9psqcadekhcd0yw8fjz,14214512590
osmo18c8m3854ehsjht9qnx295fh9y4fszpex435sje,19231245362
osmo1lzhlnpahvznwfv4jmay2tgaha5kmz5qx5v6xe7,26640000000
osmo1n775vgxst8kwxupny882tvy8t2c7g5xkf0qdr7,14508070495
osmo1ddle9tczl87gsvmeva3c48nenyng4n5678s7gh,44723000000
osmo1w5sewyejpt95rfvtf7tt3x8z8vw2ngq8mlz08d,10126300000
osmo1k8q6umgmtkmupphznts479k56ns2kzf2al8gpg,457794093293
osmo17eg0qw9vccr4kd7y6t3t95fxz7pu5spl6v0d7v,57644408434
osmo1ne82x68h2pvze3tftmyzz7dpx4wknr0guxpjc4,10583041747
osmo1680ch0g8u4f4x0l82mjvm56qrl5c9ajrryxvcz,10108668697
osmo15amvlx0yf7lkr22mwll7z397cahyg3cmn47xtd,27475000000
osmo1kvy9pqu3ul0x9263cgl3x58g3jccqyf26k0le5,57479670335
osmo10cexzazvlq4dkvqn4f86r4s98zuv3r4f92jk8w,13426181998
osmo175q6smvgnuec5e62rs4chnu5cs8d98q2cpe7jg,10285000000
osmo1lu2qtcqq4lva2ycqgumtjzxpk7gymj2e8wfsdw,11419000000
osmo1jw2cxrdtw400jed2n6ultxexd9qhmjqzgdfazs,10538163335
osmo1da68qsg9l5vuaclcks7af86kvmvvp0gs2snhg8,389846955987
osmo1hjct6q7npsspsg3dgvzk3sdf89spmlpfqua7lv,87891000000
osmo1zxd53zy2zug02pfkg36yr2jupydr8pv69ar2s9,23419326302
osmo1rp3wd84h6my22glpqn8ypyp9jdx8409dfhuk5u,11371384401
osmo19adt82kthw6vr3hkn5ha8phadu53jx3vprxmr9,20039354442
osmo18rh48fmz5e6vax6y0vpt4gwhu64vl9cnk2cjth,10990565916
osmo1ve53z5cunx4nxv3d684e03lfv55k5vlvexf7d6,10591562521
osmo1fqczm6tv2k4cjxfakfxgjm9acstnc2jvdz2er2,47034300000
osmo1z0jfuvm6pjw5e7ng3983g5d6z7vym42py5y0qg,11781229745
osmo1ecsuj0q572jr0dhu29q9njtnmw03hyu7srtlmv,198900000000
osmo17mggn4znyeyg25wd7498qxl7r2jhgue8368hzp,300970488857
osmo1065smngmfh2fftdcj8xz7quh54ks4pfhn4kpx9,39422000000
osmo1uzjxrzwxjvxk35k8auffu9fwk93wzph08l5lkr,23704112943
osmo1nej5tc54wknljgecfr7mkgqykk5e76jyrn9480,37938290908
osmo1u9km39g442hyzpzpfnuu4ufuc4k8ummg3jduud,28108000000
osmo10r47ldzrc2nj6p85cg9hfy3q7d6ce587gcqust,34245000000
osmo145p0kql0xxqah7xg7qkhad7vzkudxdudt7fq9v,10424860488
osmo1nux92kk4t22lmupzy208ptxkv5xhe7f649557y,106040052525
osmo1mk8kvqsnge6e3edpx38dqnpn39zmqlswap6g6t,21000000000
osmo1v6ums0k74vpla39eazte9cyg0rjnpd9msl9v9s,46159348952
osmo1l3gmeulsetzhfc07r2a77ddncchjjxjq3d4h6d,60383655720
osmo13yufths840y72wvq7gm6pmev49tcl0hs2k2zew,715531769388
osmo1ycr25zp0mq8zz255waaj0rf8j0rr54xq3kjrw0,10178270533
osmo1ld48ta4nv73aalxzgf22getwsvas77qds7wdnj,135519917411
osmo137hraree6klap3d6pzecxfm980l23dc2n3z5c7,17112617048
osmo1xqykkh502cq4em5wap7vhwhpeterl80sqepupq,13185445991
osmo1pluar88je9khx4da0ajd77rr5aduva5j856h98,10303885533
osmo1tsfekmc8d3qzca3fgcjfxwthzsts9rp8dkzsas,10407000000
osmo1rnnuk7rmjwj3ep97s5d0w5ek5che53ekg5zp55,69430155519
osmo12dux7zlnj2lwws0qedxetxeude9tyqrpugfl2v,10229660000
osmo1dsghpg3sarjm5jhwc92cksw3kqnrf468qu2p93,15066798030
osmo1ak55atfscrjuf88ng4r7lcgmmp2ztj9uaymzav,19664107118
osmo1h0dne96utq43vpxklvjpgmzz54tev3muqu2qgd,11300500549
osmo107907hl4wwp47l9as78muknuqey3qz3zp9c0te,45000000000
osmo162pw655u6zf8avte4tu7a0kk8mla7e45xy4c6m,37040847187
osmo1tjucz909v54cygxrds5e6rvxka90pkmhxqjyt6,18254867711
osmo1y34sx32z6k7kl8df0pl75xsq4l22vcwpczavxv,48253544999
osmo1wtv0kp6ydt03edd8kyr5arr4f3yc52vpundrta,125000000000
osmo1yf7ycjpw6x06ujq42t6qlxuuauyuaddc4jfe2n,13096821210
osmo1pm2g0uer9ry5uqmrgzdq7hv0ds8r33a9gysh42,13519000000
osmo1ds43t6sve4ex2p9m87sdauapy6e7dg8m6kdar6,12567494013
osmo1s7jnk7t6yqzensdgpvkvkag022udk842dz4g3v,35505000000
osmo1t26rt7pe6ncygewkpe6arasy2zlqfvkgeg3pgr,13665000000
osmo1phgftuey96mk3umh2sv8qnq6etjjazkgssl9ye,19001327729
osmo1jmsk2k0wksqd64nejegndv0yn8ay3w0zsp5r9m,18254574312
osmo1pqas8pt4ychqtvk0zx5r8tpe0wepldrhxmkhfc,40000000000
osmo10njj6903njuyut3rxp2mkse8tvcx8yd5wyg24x,55000000000
osmo176j3c35cj5a7puk9p0gve0jjsv6ntewysq5ana,14000000000
osmo1d25uxlhdynu6hdkl4xelwxn7jz08u5fauvvf2e,75048000000
osmo1vxypq8g03y6pa4fmy9h7jve5shqklrrnfwgf4a,653596122265
osmo1f7kv4gz0ykwu95njkuq4m2rzl63mh7fflgfalk,25062609022
osmo1knrt8wg7jzfgmf4sz09uul43hceld3czc0x6lr,144970724462
osmo1gk6py8fukt8dnaad00atemjqjlhjlwv9tna2ks,127542060000
osmo146vctdu9734fgra9l65m80ygn5lyxttdthmyhd,31310741940
osmo19qm0jvvdm8jc7pcaa0h2tduvr8fzyvs9kqtuep,46645998955
osmo18meupnxc5254xpkjextl9seu0pgmk0qdc0a5z2,19971074103
osmo127ax4kl8kfrjtl20gyvlumqqsxfp66hj0jnxr7,22329475439
osmo1dkx5yr6kajg434jggjscuhnqyk2ywgxpgsknvg,19090290813
osmo1gycz04dnx9r63dvr9rgs5uksejwnj3qf5895dq,16062059960
osmo1actqxn40tfwx46u9p8h52zvptecsxa5hw4ltln,13823777409
osmo1gluzlkw7zjs3agehvjr99l8a8s4e8yvf68pg64,10777361125
osmo1xwazl8ftks4gn00y5x3c47auquc62ssuds42sz,35643535227
osmo1wza5cgx5zahphu3gfd2rqpglhqfdjhj6rvgxls,35000000000
osmo1fxjjrvjgukph3286xkejvurnlgj0zsksf5dku4,11000007863
osmo14njckw98tt3cy8um03mzle33zcu69kxwks9z8y,19203599511
osmo1cj7u0wpe45j0udnsy306sna7peah054ufacx5y,30000000000
osmo18u4z4p0nq9mpme9ezr4ate6day9nnturhruf9y,10081566017
osmo164a9t2pjjxgu47tx5w45j6czm3075v0yqptd97,50000000000
osmo155anc8rlsmjj8zygz92hethkgs2r8pns5746jq,10170525969
osmo1x5zlm9qq3nsq3xrq9uft7rr5p3a3850t8fqccx,17442452167
osmo1rtc846w5aev7fuquw99hxs0ak2jf34crpgkvmu,33314670373
osmo1tvmdhpatm60c80yk8wma3njhffsvhvs5x0jcnu,37804824880
osmo1d7z0epdsgs84vvhmqcddpvmg2csnp6xfteh5gy,115051030624
osmo1pu5vqp4ezqdww0n996vxw5hpw9flaf0jr8a8ks,17017000000
osmo19qc25l2nwztml9nvhqpg7y55420uvg59v8s9u7,14150000000
osmo17qrfgsyepv3mk2f29jkvf0y7q0fnyx7d3erjfp,16059720072
osmo1laj7svs8e3f9g0ejrq4jw77372f4cem0v96zak,11044000000
osmo1cfg5ukwy5flp46xe97zeq84ca5pmc9382djgwc,55917000000
osmo1gdxlzf2pz048s0ndq79r2ke3qz9wwutfz5k37j,70991737613
osmo1u2wpyuem4tuj22tajan9cjn5npcq8syvk05u2v,109665000000
osmo1y58wdv8srkny87n0gwrcunk4uufr85efhcrtjv,25370000000
osmo1e642dnkzlta5xglzzt4zjuume3p0etq2npe4u5,100139776852
osmo1f3evdt6nu23qlw9vjz6tksfw2t4eeqs3k8wxjk,25765000000
osmo1434zluxmfj85vwpc3stk03wrcuzrqllc0uguel,12844724260
osmo1ht3uey6ncvgaayj2gfx0l39dsmddds66j6qevw,11880000000
osmo12ndtwzphc2cad5f7c7g98zalthdzcsc4v6z9xl,17316929987
osmo1ajdrt3yamen3wmv8we73l66v8dj0ngrm332235,131561245298
osmo1ayulwnf4x5ge430agmxdcgf48p4svafcsqj53y,16683559879
osmo1746r7r3ngpj3y83z7ua8q62xr2u4s9m3fr9y5w,27786500698
osmo19mk5ka3hhad3fuedm4637d68n2jrvj6g92zrsz,94776591344
osmo1ug5h3wn9qlmn00h7dvws8h68vdeh8c0pcjcxy7,16058362454
osmo1dwdy6u8kenjppqmxjgath72cyyzd8y0mjmh0j2,56159335494
osmo1gm9stluhw4xklwyv5kwx9v3veqsm2uq9cr6zt8,82328233200
osmo1wmheet6qaf7jyfgkwcu45uf7krd6kay8w795ga,19482754669
osmo1ld2ke5hvqa00s9xn9lkjpx9fhw8xaqv7c2xf65,14174876203
osmo1dftlyuhqwq04pwn4azyu25jlyfgdzazrghhg5d,154098266644
osmo17jler77dj35sq248k8uph67kjg4fp6gvjx6px0,26442707686
osmo12qwua09qzwzyq9np7k5t8ggtuuwql5e75627rl,15100000001
osmo15ahre9rcgeh7209qxn2qaqe8kkd84rsmqpkecg,601240396158
osmo1s9chk7vk2jlrmlrkzsgpf0xnk34ykc3e5806pz,24115000000
osmo1qaq93847cnwmmnqx72huxd3keylh854kqdevxv,10845787196
osmo1n9pmw8e9u8460w4zm65tczf8ehvzs73n6xggxg,52978814791
osmo1xmca26yrlat9myz4j7qgazsrw5mmykh4zwzy5f,29670096077
osmo1pgv970xg85kzvhvdyrqhr58w7dtu0w30r8g4dh,299437787059
osmo1ft6gdwcedwdqe5gsp4uhcdvze6ualqg3qxwkf3,26764000000
osmo1xjndjn93jdak8rqaqrkgsgqzlqwjqfqj2cwpnv,55221044316
osmo15m87r9w4x6mcxmwrcxhv74dj0shen6wpm056mf,27694780381
osmo1rg3fqyyz7sfc6gqawyxty05lkpky8q6uegxnxz,27936821310
osmo1jnshptet6chflna8aha2rk90230lylst3fuy4s,16789998544
osmo14styak6r28nlzx5lan68pt8l6yp5w603dmlh62,13849000000
osmo1ank6emrjq2rx75qxuta34cvf0a3nljcu3w037z,15994205569
osmo1s9qddt4kgfzdt23zd30r0tg20wggeydr9hjknt,10580000000
osmo1sxx9mszve0gaedz5ld7qdkjkfv8z992at4zn4x,45230000000
osmo1txd2s5ulx6fetq8qhx0u8mkhhk2rh5cv2fzyw9,163300000000
osmo1adlkphkrpm4rhzxx0z5lp9smn4s80yq6dv3tkq,17345183185
osmo1tpfglzqryjhz3k3u5x4kl9q33gpqvs3u59d23u,19020413959
osmo1g5p2rds3xesm7n6uvxxjughuw7ezt76uycmrrn,14467100000
osmo17gchrflee5uq04jxdle7cg6ta2wxlvpktn5zg6,212065091796
osmo144lx245fffgdd3e4fa9kgllsmtre8khl5yr95m,40571630282
osmo1vqlj2l6r5qc7a2zt2dmsl3wwfuu85ergzjjj6j,11486000000
osmo1cek7fpl44wwhukk5xf47qttvlfxp863esld7v7,13356627293
osmo120kslepw5pz36epjy7pd287543lgcpss9m7xf4,99480347733
osmo17ztr2v0jzudlyhc8xxnfarv5fk6zqwkp44h3z4,24630188170
osmo1hkecfl8m0dc48lgdqwqh66lul4tsxv5lzvk7xu,68569000000
osmo180hln7xy03ptjg2apztyr3zw8u8qv7slaf6wfe,10300000000
osmo10qdcaxz09z2x6d39d9t2qvhc7wr77tlx5kj0n6,24221848519
osmo1hdjg453m3pt66sclystxe52f8lwg8nshfzffzj,19709237281
osmo1seq244de4ex72pezm3wzaejee2ywzvz9ntlkg7,10223000000
osmo1ukln478en65x9xq0jyc47a6y3qnvuug2pp4mea,19318511520
osmo1t8qckan2yrygq7kl9apwhzfalwzgc242lk02ch,25010000000
osmo1hpgapnfl3thkevvl0jp3wqtk8jw7mpqumuuc2f,355228062064
osmo1a5gqk7mcreu3hp4vgayhv9x8hcz4c0x3ect4zx,10296863731
osmo1um62ve4a6vnsdcnquel0dmt9ly5f567ag77vq6,18219843329
osmo1efuylvvgnc57z6vypha2q4t7s6hs3rq6jey68q,27952882783
osmo1lxh0u07haj646pt9e0l2l4qc3d8htfx5e525c0,20000000000
osmo1kd5mlhayqqx5q77t2nhs6a6h6xe0d3wj6av6na,25019000000
osmo1qx98fpje3j6f7v3mm8jkfcjhd4awlz80seal6z,13139643143
osmo1mg0fntepuvnzd0qau00gq67cr46amnu8jtmny8,11923797928
osmo1ymnkvmqshkvrktchkzmrf8gz844tnhzh9w6ttm,13948694395
osmo1f9gjr0rufev04a9trz40felnhsmmt2edk4q03k,14937169720
osmo140achkhvd4u79uhyfaszjwn8y7yq90lr7yc9mc,28639083627
osmo1l8g4qyuc2vadkkmzlcy7k0z6drw47ckkaxy7n9,16304375505
osmo14hpxpj2pl5jujma92p06m68p2vwrerkrueglrn,11246321788
osmo12ftk2gst84zqn9ny2hcuyntuz4jfnxpn5nuqfm,10389000000
osmo1y3xqgwthzezyyc89wgu00d85gls3kg5papdnhk,26389753310
osmo1u9ktxy6atagurtdgfdqszgq5k2wqsaj0y2afmu,37348177032
osmo1xwfcyh0z5ne66mg56xkwygx4jl8mh8gfkjwfg8,26887180303
osmo166f7qetvlesa82zd85kxe77mtnem9u54sujw2x,10919000000
osmo1vk2tfwfeh26k30awy2wd5ejqk3gff3ds4gd7lu,49599666090
osmo147u0aa5khhghdn2anntzuuuw6v9hvzfm6xj732,57487594643
osmo1h9v9er46xw46r3mmptywt2r46snz403pnx7ruw,31870000000
osmo1lxjj8ykacc2uh0s8t9d0zdesxaea790fv4hrp4,39221870943
osmo1wuxp8jv0jhv5v3dpejtxtrtqcdkj9qxzmgvxe2,10051700284
osmo1vdv8v0ztfxwcu2zuh8tdfgchhq4f26pvzs506u,189931519345
osmo1de08dt0vk54j9n8v4najf7fsx4pvees2uz88kc,30161503026
osmo10jm8fvdyqlj78w0j5nawc76wsn4pqmdxj4q5zl,35724612751
osmo19je7lmu4yzrpzh7gksj3uhku4as8at6lajsakj,21780976130
osmo1hcuz6j6dk4vz6l29jvqtzkfjfmv37qlug2l9fr,11556032445
osmo1an6ee6gkvgsdlr0qqvryqzcr6pjkyrgdz877wd,127721995787
osmo1vy6d4w7x2lftr76qs9ch62x5nemv79ef430wkm,178422210937
osmo1rk8rrhc9cmuk6mm4xzcjryzk7j8wp3w3plqw4d,15971159263
osmo12pjf52ppg3jrny3mrpcw2ltcg6vl2zhe0xghjf,23160912534
osmo1thyr74ez4kaupm9m3qmv7tpm5h0xukmwucgwl7,25870000000
osmo1ycfh3lwhatggcxnu3kmylrhy4w2sr06f0x0vh8,19827452529
osmo1l82gsy6clnr0d26jknznz8xd4ldnn8fz0z4hay,18981070947
osmo1c6mfflh660hd3c3v3q7r82z3gygka7mrzna7wh,22611666248
osmo1j9fyf8mkve3hk0pa04e43q6jhp8pud8u7wegre,24117000000
osmo18cxrl5uzlypwvarv7hxgwj3nssnqt88tqq25sm,12043617679
osmo13k6qfw70078hzfwmnxucaz22tvfst526z9tqwp,12453332398
osmo1pyc4kpalk2dk7cqu63yecnuyg5cpcdzhgux20j,11248000000
osmo1c3uhgyvzurgezzs3kc0dc2k43jw32cjr3th9t4,10372040034
osmo1f2026phpmwleuxv5g50tetyenfhqwtt59ut0a6,200149146581
osmo1ga0qp4vf5hvkujnh82vzuvh952uhn79j7ak09j,214623369551
osmo1qvcf5jzvayjdfrkhtyh357234kkpgdlkcpuuan,10969534455
osmo1eaj6s3ddayg2kzl47m8vun86kmr3erfcx3rd8f,16056580079
osmo16549jjyyjs97vvlyuh4rrg635en23pyl3aj4dq,90146000000
osmo12u7jk2yc2caxlvtv9mlkg7mnzsh872mmqvnfks,16935098790
osmo10ylwrajltnwt6dvrtuxfs0j66e38lgx5kju4p9,34126158721
osmo19t2gyxz9e0h3d8w74hrdzp0kt9ce2usrwx4lxh,19554270900
osmo1vunhupqyv25z4av8ndyhnqeakgwggpkcnwgqy9,12639458671
osmo1zmslaka20c622q5pxedvcn6f52m945hyckkle8,15216125387
osmo127pdm2umuvppet63lezvjv5flrvfyjrqsfaf6k,10275096865
osmo1d0egu5ge0n6m8yk8fm2ev37xhrfqel7qrjl8m7,14297080011
osmo1uks7drwhwww20g838w3kjmlz4quladgee8t6cx,30038000000
osmo1n74enedgvq5p9nwazlhm3w2kvaemlsf4czcxm3,35045000000
osmo1cjsrnq6sz9es5074kpmfdcq8gpvdjttgzkkagk,10951000000
osmo1gk4qwyr3eaqz27ft4mclwg65v6qzfzsx0mujv2,62552728193
osmo125pyl8p6ctvp842ce90gvlegwp53flcm3l2ew0,15187000000
osmo1nwc0qduezcysw5dy7glgtw6hwauhymdk9345de,61612512422
osmo1kz6ngzr5905reqp0wjwa5ym5u9herjc6mw95u2,19569280962
osmo1jf2jkqx9uvxzagg9gmcjjnsaeflfqm28q3fudk,35431038547
osmo1vwe95vmc9zfe6xdaa42wjfcp8yqtxsrk7tge9j,17403104059
osmo1kvh6nggq5uyz85qvf92hftstl96dxfmudyzlv9,33646719305
osmo16qxqm7vr3p7l3jxk0qqrxn4mu8z9vysz9ud7xr,65171349399
osmo1m96c3hrjsn5dvnj04qn2x9wlnd3qay8nd4drsy,17598813317
osmo1svgrg5gztq5a5643vr4wuy0q22gugeqnree6xl,11002000000
osmo1wpzxnzjsju69un7ufql57zt0vp3s6eu6myz704,28418700000
osmo1qgz2q9tlw3m6e4hkx0h86lxu0qym0mgng685c6,20240791559
osmo1rphd0j66lpnzchpw956ejyhg237rffy9vgvrnh,893839538385
osmo1000ya26q2cmh399q4c5aaacd9lmmdqp9zef0gj,18596571134
osmo1etdydtcwxv0kw7xwhdpl8jr5cvma0u37v6s30v,29938031000
osmo1hfx6qq5f2dmkqx6cummwl7hhale77gzmjgvyrz,30225000000
osmo1gp957czryfgyvxwn3tfnyy2f0t9g2p4pdk77ux,75659163167
osmo1juvc56y9u22k5wkxfnv0cruxk0d7j9n5y53ayw,45271055426
osmo1xn6ayqyefzckhfg7fnsd2sacq5ks09a3maq76p,72500000000
osmo1artj04ggd38xftestmm48jg2ycyt9xutd7wfju,60300000000
osmo14ckp8tywpxyautugxhrsasjwd0jl9qz3t5hh29,49164429314
osmo1tw3eatg9kswgnh5z89dnaut5fq27aw45tj4mnf,71853703667
osmo1vmwtsgar5aku6rfz3kuudz77w2sz3hh5lc6qnm,13292720430
osmo1y8lzp8danh26us8jef74jgjjpshxnjxhhzz7sk,123754049892
osmo1z9vvzlmce95ph8zm7g3zmd28tsgypu9gu43gtf,19124739906
osmo1hrw8w9fcl4ez4m5rl5xjnjmxphgj8u2elz89he,12181977352
osmo1ugewpftcsa0zmdpgyf40evu5dge7gcdxfrfhvy,21757266588
osmo148g074ls2jn023qkd8xnw4983tnt5k4clk40yd,22400000000
osmo1gu5x875wdmylg808lsgnhzwdvgf3kkmpytrwq4,27899973413
osmo1ahac8u0n4y2lq7qu9ecn8tjyva00u6sz7h2jc7,16513935217
osmo1t5dfur8tdzkgjf0wflzcr5e23z5crnsvlxr8rx,18738447075
osmo1lrtyzjz33yd5ega9dealt2umjcrgllar3290kc,10874100000
osmo1u2ch4ddtw2wtrme8mj06yal2py4e4l279fagrq,90001391080
osmo1t4ner6am0jdtz34tr3mezmck70t0dxclkaudva,11300000000
osmo1gxlzcc5myjg20ftfycn792ayn35yedn65u7xtm,34442098962
osmo1y4jjwr9d4w0dg8wve6fn9wfgrgr3armjy37phc,19719000000
osmo19gk0clp4k9uh5x65te2h9vkkx49uljnd72y374,19050950000
osmo1e98puzruheuxetmdkcuje2qyvlmaq989mdaxap,11974297942
osmo1u93z584nyvufs647ut6re6dy4z9q3kr9ql50p3,24425628846
osmo18hj9up209hxx9kjy2gqe0zqz2u8wjc0s70vyfp,127373224306
osmo1gznpfm4rhg0kgeefvfpm507ru0q4r7stjpky0x,11504676114
osmo1ym7lp5ymf8e5qwvcyx3ddw6ea7eq5645nffcrm,12796903386
osmo195pzkmarju29wdkrkt2ek5zpqy24zu4k2q95y0,11771316972
osmo194y4el3cghthf080lflj3tv9m98xvx5p7e5avg,23814356603
osmo1lurcpu73fvzh53wdvulujyrwefa3x3mahdrfja,18726125309
osmo1ylp2j3elxwrx056c2705gy0jtpe9zzddeys7jz,13064579222
osmo1w0duw54xtvarv7ljtyje298fgxl92a28zxv4wh,18414247576
osmo12tf3qe9xjcu6neuhw5ay29gknmjzs32crcfy0j,13204395306
osmo1rmk0ztuhd7txscp7jr2srfjn5vvsdw259jz366,21900000000
osmo1m7ws6te2ds2ly62pl20jzdqglhse5f5z70u380,11284000000
osmo1fgn4yquphls3kxk83n3vks02v3jj0ku96c2tq2,18883999606
osmo1m5u39gf9440eg7msjt303qx5qmc4m5uqv3zny0,45000000000
osmo18q4vx64jyr5al7drs0kxtu74wfr4fkxxn07uxd,20886642682
osmo1msmyg8y3xp0p8227juukfjsy07mdxx4enm5gzp,14225688646
osmo17k85sejmf86tzhxppyps9x7kyhqqwdvf20nfld,12079160639
osmo1y573wwtlw47tj0flkwhphhgrpufgptxfctyw5c,10500000000
osmo1ya7fqfjpsx3zyr66hwvzx2840tej8urucqcytl,11121000000
osmo12lan89zc03a3l6yvkxmfaghaaw8zd6v9jsedcn,55090189301
osmo1w3vdm29dwgts66tx72cduvku2slhdytfrdpga2,91423282897
osmo1rknn49dq8du7f8xutrr8lne95jz6wegvjcrpjl,15421200000
osmo1yvm97n0d07hacjy73reup639sjxap74k4445ap,20626596734
osmo1dsunl9mpp6jwk8ws5fqrvtm2vwz2ymsjfun4kg,11309000000
osmo17vz8hvg96lddwawdfygvu89ua4v7qgd6p3m9ry,48888000000
osmo1tht0mf64wy6lq5axggh6j73uzga4mw5df869k9,23685000000
osmo13pmxxdkdklyse9kgqtk4mrlwfgcpn2m0ttw9c4,59151859650
osmo1z0sh4s80u99l6y9d3vfy582p8jejeeu6305m8d,24644000000
osmo1d8pwj29kze0m35grea4z9qkdgl9e54entdkqcw,15000196816
osmo13cdlev3gxtwwzdzuyltq86004rh0hvqx2nnamv,10608181025
osmo1ngl93ejfmq43ws8w4sxzy7gecg3v9d50yvjupy,17312570756
osmo1lw7f92hmmrsayd68dlhryudn57meg2cth7a95j,61526961136
osmo15tsu87hns5aa7yyt0thn2wdj3tprl5agu5gz4n,19841299823
osmo1kh7e2ll22j9hj3k9yv8wvtn5qtm3wvm02x0f8x,12178894108
osmo15x7q0vzmksgd2y42da9cfhrx3uc8w9sp035yjm,21055087142
osmo1zaze2d9sr326cwfmm794nceg728sg5kqrhfh90,45242726545
osmo1z7hkz5puhq67gfluvvkr7rmjppq6j68xtfe8c3,24096115219
osmo1twrtkwuz36kr0dkejd0lhsl2njljarqnl9lyua,28370217356
osmo15d8cq9q8nhn825rtrfqkkpxww8ezsdl8dzt5yn,10637619842
osmo1wfyaqhxsczc4mlgk54trxznmqkld09p79phzqn,14885323286
osmo1r9screlzxpax4rq8jcxsv7u23kzfd3zpw2lru2,143261800000
osmo1v84uevr9v40lldku798pmempedjyjq3vshj7gp,16819667548
osmo1vp64x8tey8funx7rleh9s90v8r2trp2kg250sa,14620234585
osmo1ua7qcmsvyllpm3mxgtryvyyh3w92440fufd9k9,35879301223
osmo14sn9dzr0zn2mtz4psm8xx8v8pzprgny7nuc53u,12611371182
osmo1jhategjry5u7ltqr4fmlutlx28unl5ve7ypklc,47962557452
osmo1gakeuauc2akv9rs0c3ezws3qa46hhuj4ug9p3c,101713900000
osmo1tg9f7xd9e4fw66y2y8srzzxys940ys2xt4wee9,19161040703
osmo1vclehe8sjg7g2pfl3749d0xfrdd638grk4xj57,1231347397695
osmo1cs6jfrx52lzrxzsrnexsv4v53wxmfah4vxmf4m,10041649461
osmo19xkqaw6lwk5uuq8wte829wa7mmnrhdaesaspjn,11138000000
osmo1nxw02t4dtlpwhmh7c500fgj0e05w30dmpr6hpy,633549864588
osmo1g6nyswzhnlw26ygqe42k9k5ffymywzy68fzq0j,25100079185
osmo1tyxus9jvsatl3d64eq3xvz6chwx8wgm2ddpm7z,11066939313
osmo1vaf6grn6mk28cfradq7z4pzdjx5cw9d79z375m,35208679547
osmo188upujnnv2gtgjfpczksmdpyzagr7n0mfykrrv,25000000000
osmo1lkznpljvglyfehzngujl93l0d3elfvuaud7ujh,19900000000
osmo13xl6rjuvxy0900anfce99u0xc77uylw3026v97,16340000000
osmo1l3c4jstap9hr6sym54p8peeswknf89dfswu647,285418547444
osmo1w8da25nqnm0hmjrt0ef0h3gdf53s6l67swzm0q,10797000000
osmo1522c3kca6ymtl4upeerv5m4v0h97zcekeqq585,28483398734
osmo1cy256c8hazhrlhs20qry33790nz4f544h4qawj,10982585223
osmo1z78dz3hpljqevf3aeqe4azevda707mwglskq0m,196501805969
osmo1se02n5r4uv8fxzlp2edy9y9jpk6dmd3r68k8qr,13085000000
osmo1q2yv69d5f54z5zzvpy7g6ym2lvtc4pql27zkqj,1155749388680
osmo1vwmly2mw9qxsrj0dmk894634se8n76tgmnwrgd,16621033241
osmo1un4p8qyms384y6ujh73u2d74plkwngz5fcuzxy,11115996831
osmo140z6ekakklp95n8wtnepqk4rwrkc8fhqmnhxs0,92687921876
osmo1eh5mwu044gd5ntkkc2xgfg8247mgc56f06hgjs,141153264333
osmo1fh4vp5uun7vym4pevpvdx84gk7qj675fugjr5x,14284000000
osmo13cdmy4e6va8j3adjfra0z8la8wjlp8jczerjxa,11540951594
osmo10jkrkdpdze5xgg5g6ef8v00rjryk7juuu0aq66,53772091956
osmo1kuw0r03zpd6s0jrs7syjvw8k8xc7s4s4w5u376,13453983390
osmo1z75j0t4ngh8yxxjlyy96yne3yadl2fz5sw7mcl,34424923245
osmo1g0y2xpyzz4we4zwlafus9vvpd3tey76ml6u3cv,66201315416
osmo1ff78n2kt88m465enu080lnnqcg5x8c3zcrdkj4,265318335994
osmo18qpryc2jgwcx7xaw7j7ze6cfausvf4hmxzvkzm,25920000000
osmo1v6umul8nun2xaml2y24zrhwc3gx2lv38p9zm48,24076800000
osmo1csu7qp245m9r6k8xq7pat2ucpsyn52gnnxm0px,12544000000
osmo1kcwzfghz3mtp8mq6ymwske3la36ullxd4jkze9,16340020000
osmo1tajeusdj9xc2dwy0wd3n3ycfqcm3dmc6afv82c,10023706370
osmo1c2ukpte5u58n8m7nvqq9hqxl2fdn6mkx8dgkuz,159334699836
osmo12az976k62c4qlsfy0tz2ujtw73vvhpqnr42ryt,15201473238
osmo1j8elg78mntgf3ey83vsdcuwueet3n5u5q47fyl,27537254203
osmo13x77yexvf6qexfjg9czp6jhpv7vpjdwwmtsu0q,53923836949
osmo17er3ce8j6enkffww5snguy4wfhxmahsfkjnu83,20895000000
osmo1404zxd8qq40wgv2hrzsxak82f9phydeyds9fzv,11500000000
osmo1j5vf6cq8t8fzs6zwhg579l0xg36w6gtuas5l9m,80193157212
osmo1lg8qrf8rgh0w8qwtlw0gxylnen04fwtv2ny52h,61150149632
osmo183hrcuzzt3az7p4je6l4vdnr2qp7q82lxsv5f5,68994083033
osmo13e6nnymf7l2lehu7l00elfdd2qns339aan2msf,22827380859
osmo14g9r3rwutmpc80e8kqnnq8uvdcptdusc4ynjll,61898507390
osmo1z89utvygweg5l56fsk8ak7t6hh88fd0au3z2n6,500000000000
osmo12c26qr9j6tpdwp4rq9z34543jkh85z0c8f6zck,21686031725
osmo1uvzs95cg543dzcnjua29p4c7xkmlkpf6u0kgms,11133614573
osmo1m3x4hct90pgskylcc7lchm892079w4e2rnwjnh,2469015448964
osmo1y9aevw3yu79ydsz8kuksfewqzszanpuj4najpu,635755100175
osmo1tgxqtkux5pdy0qsw3utd8vvae5q637ex57000w,20054033718
osmo1pylv26aqnu989pmahn3kqazemhdgvehndqqk69,30899549909
osmo1stqkafudwykj2vvy6nx7vnev27pd0a8340gdlz,12000000000
osmo14edy0mskwzyen3g6p3w8tanzjm8e06kx96txr8,21171620728
osmo1pwzk45pj6uvudg5le60ynlex4vl5443hhqausn,2500136657157
osmo18u5n3augn6q8z7wyu8mv97y6a6su7v3u0h4jdu,10001700000
osmo1hpfuzjthjjsp26ut6qlmc82ctzj52k4s3q9rrr,13000000000
osmo12j5pe3p4tnrcd4k6fzwgfdrfaq43uwca4ua0dc,16865090862
osmo1ma02nlc7lchu7caufyrrqt4r6v2mpsj9ztztcv,70764000000
osmo16hzucksdmtu25zc74t26guuq87eljh6eydsuth,26331731551
osmo1lg93m6d4j387890dns4yes5wu9z6sqykwwwv87,12425119345
osmo1reeywehc76ndcd3gkzaz3yasdk7nfxc0fukyj6,46157624978
osmo18r457ws54pkrvurcakxufawxp3eedhff4zc8yt,24492422955
osmo1t94wt3sckjrxf2ensxnks0rephtrxfpvzaawky,55588143504
osmo1fzn4k96d5yclqewj2whr5lp8dj6tw08htc96dt,11574000000
osmo13zvn580vwkh3fp65cckxsu70tjztrwv0x3la4g,22183748573
osmo1uurel7z9ztjkruvedzdmlf9qtzy4s4yuguwa3m,12682936214
osmo15ak5ds30rsu87vjv64tkjenp5lg782uawukyyl,22177000000
osmo1qd432aem98lvzpjcq78gvzqputgcs090jsvm0m,76213045853
osmo1nm50zycnm9yf33rv8n6lpks24usxzahkll6z34,65000000000
osmo19mf50s7zfv543fer6z8dzhuecj7nfdxfj57t6c,13039000000
osmo1cuf2tf488xxx5gsju5wue3tv5lqctjm6vvkmkc,11521618955
osmo1ln5qztnnl5tq3g3k43leq57hwny7tp2dcevfw7,15696372176
osmo1g4m53mpcjn9w7kh3v8rmzcgjcqftlpx7anvn48,64073452429
osmo1jxv0u20scum4trha72c7ltfgfqef6nsc638lza,49500000000
osmo17ew9djtt49hpxg52k6nmq08p5x7jg4re37pc5m,100436630511
osmo1ex58ltuvruyew8849atkwqxr22nr8jww54l237,30077200000
osmo189n8jcs42t56rzs7cur9wtz9pfz3sxacc06gkh,21433253548
osmo1q0fh6l29w7e6vj6x0n0hd5trp02nc8u9ye7232,11068000000
osmo14lr75zelp37j22r2q5604ffr59h4d9wejqjmdd,10835180025
osmo1mxehvgv8829pqwdrmgz3q9x2pxwgk4e4aqt74k,15773087025
osmo16xd5ywk80tfmehfvp8jcpwqn68tmfaj48zhlzm,11414321331
osmo1tedha6fl0e38hkprm2luhvkuv8y35rappfh52f,49940070903
osmo1dnf8kunmlv42ua4958060ssxdlrcgvsquhdegf,143133467621
osmo1glkwwjmd75j9a8rg5m6xxk7lzzzdakf0dj93ud,11012441179
osmo1tt2katjs7jk3cfrext644q4m6aprxrnjcnluh4,15317466681
osmo1n0r3km0r2dx8w7rppwh0jtv093ehsg6wx4gcws,361800225248
osmo1gp6drj8tmg2hxe70rpdlhqdeamgyjp2gfgla3c,10056000000
osmo1m4vpkjjf4y92suryq9p5lekar7nvu245euzxmw,10051705061
osmo1eghehj7lt5ymx76uzxz8ftrd8ps2ndtjt4yrc9,1099127000000
osmo1352ajw9fuz4r5dze3rj2hssnnh3kk2w8pcfa8a,15213491547
osmo1qn68paz6wgsvvq8x77w4vudtuuyhgz28vrj290,12100267520
osmo1mxvfta2y06urmvjaekwt3umj3aqlj09h4rvez0,13044499999
osmo1e9jlmhjnhv0z5wj64gz0dwn6q523xyxewg24mj,23790000000
osmo19muml8sjpnecnm8geul4l3zfju24l04mpuppy7,1743881699394
osmo1a4hswq0pg8hd8wt2aj5mmr6jqanau00z8grng8,43540877683
osmo1ejdn7sgfdm0ngvdg68j09zrsfneugu7w08r3vx,13589390917
osmo1dvrte7mhjz0acrlm49d96gkeld0r282x0nxjgu,15048889513
osmo1qchv5hdr6ky9eh965dey4eh9x8ceckupqmgngy,64737877308
osmo1fm3utlrj0yjftdt808uz4j4sjt09k0yx2s0naa,11449000000
osmo1zv53nemw7hw7ks6f6vqs3hflyu36f079etq7en,17258580783
osmo1q4qcm3vlgrvu5jalksf64ftm39equpfjdc4pzh,115652156640
osmo1ezyeqgxrn8c6tcvc8ru4u553zuwu9tx0srup2f,86800000000
osmo1sdf80g92at333j0r3hfh3ksuqgpg4f07v3ea34,37551330866
osmo1cwk9sa6p740cqrxgz46lzrg27vhlfcd072mxqa,43316600894
osmo1j5xzx5cutr96t8elveg4pu0yq0jpg288e2csny,13800000000
osmo1t97zdt3grej5z5w85wkw6rsx75rwnhmt0jjw62,49907795892
osmo1gdqra9fnda36en2lqmcqr4k6l2l544x60ulfx5,24789614642
osmo16cl8gjyv7zt49dxmxysxqvazt48k4ltcxf7dg2,30470732327
osmo1panwcl0yspsus2psvqv8uzkwff0s7wvmdmpv4f,49693710560
osmo124j89uq3e4k98qeve2ens83v62a9x5hnngtw9v,27259246831
osmo1gluq7t59ed9nv4e0jf9xz5s5xz3pvgruug3pf3,33956989614
osmo18uekcazhharfnl27e67jw82xzt0thqm02vfxch,20928805047
osmo130mx4yfrgl7l8psnru8ppagw5lyzvrntmg9m79,103459378606
osmo1xgcxnz4ryz2t6h3q9aps9eknydqv8w353gatjy,11365360770
osmo1hftvuutyr2m4k2mhw9cfvvf9a3plk66k6yr63h,12373000000
osmo1zlk34saru8w6w667r7u0nvtkfkr2g4rwq2s342,20134000000
osmo17pjkeca86zyn84hywksjrv35jvvqsq2dgjdrp4,11706206979
osmo1qxuuhuu2t953mj4k4y4875s3eux57mgcxqmvgr,12500000000
osmo176683yle75zg889wh04zastty6qm4ydfl8gsx3,14234560000
osmo1vrum3rl49lxeetta5vd2zwmwvkw4kdq9prk7j0,10025000000
osmo14qw457h2qnnf3fjj6ufyrmm2an74w2xg4nssg2,11437362574
osmo1pjmngrwcsatsuyy8m3qrunaun67sr9x70my063,207275568161
osmo123fr4qgz64tuusw87fuj6vau9742rzt9u4lef9,22882371627
osmo1m03y7vv73u3ycwwgnp0rx3ztu3e48nzc59a2mn,12401803387
osmo1kgddca7qj96z0qcxr2c45z73cfl0c75pnxk4sc,500000000000
osmo1clc2frlq54tryu82x88kfrup7pf7stwsc3qg6u,27816190511
osmo1zu60jnc2zpydy8jnek0yd35vgat7drdv4cqfqq,66686187348
osmo1tz86gf8hr8ffh4f5sr949mmdstcu9x3xcssden,13759094352
osmo1dpp44nukahe54n6j4vr7wfvc64qplzxdutz03m,347167507240
osmo1thu6fuhdywn5pmw0cm03plz3gwrrlpewpfz3x8,109562000000
osmo15zysaya5j34vy2cqd7y9q8m3drjpy0d2lvmkpa,15210887777
osmo1qzmj8h50ntxtkl2s3e6y4gh42c6z70whm3qedk,13058000000
osmo1y92p96xzfgfgx833f3y28guqqqs4lxcjgd03p4,46542361570
osmo16wgzy06e3p4k2h3rzujw5948fdxdktamx88njz,47697983793
osmo1wgdegtthkx0n5fmyt2l2xn9jchywffac738e4z,100000000000
osmo1fgnfg2gnxhkmcc8tgpph6jm6xvn236jetuqq5w,13948498666
osmo17vv33gl7esrnulrhz943rrchs623g0aas3gwzg,43620000000
osmo1aamxf42hsrfqafc3gn4xcn0sp70qg2duqqkfsr,13236343941
osmo1m54x03lr0e8t2xrwjshs8yzvqh0xs4ucecfluf,10040000000
osmo16j9yp93vuxpsqk9cgrm65vujmgwmc28960le6z,31148518835
osmo19968c7tfu9a3z8ett5nqwc0p69fuzfs6qtfvp6,10039406167
osmo109kpg42w6k8xlg4dmuva7sacftamgd82qg6svr,12118000313
osmo173mej7crezqh9jh9x38emdwls5a69f6wqcznex,100100000000
osmo1x2ay39z5fz8yt3nxymz4gmacwnwyup24k3unpl,10000652603
osmo16hqxxuld63j5vxdd4t2pmdnkg8dfhkwwa5pkqh,12106079236
osmo19rn52vj06h7mykzj9nue30ye3hcqe24pq668nu,11413000000
osmo1wwqk76vlc2lnwxvt3uzk33ls5ymae6p5nymd38,18855000000
osmo1zt3k853trrqynqh63w2mfw5sdl5qpxjhqaxz8g,27004756276
osmo1t20e6r959qvm02l98r559xk7rnrsllur3uk7uk,84484427771
osmo15ujzuqf7594x7wqssgqv0tcrmjccyhwy9wuyw0,370583503724
osmo10l3rfs5eya90utgm6g3lrtf6pzff3mucky558p,21171385728
osmo1lrxunkhaykgfj0lflf98d09cmxg68h6a45f9my,155603000000
osmo1fghgwhgtxtcshj4a9alp7u2qv6n2wffq6wpafh,24309841787
osmo1zjwnvwlz6nq5qtna8feeur6hcjj3d2hg3430n4,28247842976
osmo1ej2es5fjztqjcd4pwa0zyvaevtjd2y5wtfxqjv,25022583809
osmo1p685wmsx4xu0vpmrgt9j97dma5wshvj5tv94kc,20157286679
osmo1mx0c2v7vf9nrz98egfwlym9zhz83car4vvh4td,44754322085
osmo1dcg888c9pd83dzne3r0r7speaejn2tjtl8kw52,16186790661
osmo13zs0yntzdswanglzutk89zad74dwc4v8lwc20a,15195510000
osmo1r832y774w3xm2gdyxuftnrtd07jlgdehl8p7n5,29090215901
osmo1s7n0khuh558gf7uzgd6tar9ch34pdh6u48recx,18098061565
osmo1sd2hkpjqevmqva6jvsrrc52kmdshplgygh2e9k,85546316518
osmo1m6c3svxkajv80m9svaqdnm5ph0t07xkfk2429n,10230000000
osmo1kxqtfk5gnuxcj0ur8c5aeprl3fywjzgs025576,35915000000
osmo1uvh6tw6d60cgjk90648mzrhzj430vc426rnldw,71290781571
osmo1v5s42qmh7zy8l0y3nnnf76kfkltfsvr7t8ka3c,10654231383
osmo17vqaxda4qyzveqhrsx086e6pwslkvtelmxlmr6,100000000000
osmo1pvxhtre74l37p6y2rs2e8xyek75z7xlc7g2trt,9000000000000
osmo12vq25496n4gqatssj6zq9eyx7cfc3lwjlsxz96,10050828114
osmo18usszs9n8rvhg2n28chgajslnruqzttgpvmpcy,13856801420
osmo1smqr5tp684g07aekcn0w852wqlme5mn6xnhsvy,11129000000
osmo1ulwgf9ly9kq2le5fgupvyd00wqym88xt68fcrv,123284778928
osmo17kpdmsnf9xatuenm4jcdselh0gnsfg9jf3cfhs,19172000000
osmo1y2s3hwg5vgwek5jeqj3f5ks0yshxhr30jplvym,11339542785
osmo1lucch767n6ykc6n087zxgpxph8xhkrj2z5xdth,10550000000
osmo1gwywmna0jky46mcj3wvc336qgyk9u2n3s9xd5v,27350000000
osmo13q382p0sufgy04e0zn3wjrl5evrp2ccnumqdzy,173370415268
osmo1lg2gjke0u9uag4hqh27675ju2489f5ljnw8v49,35050000000
osmo1e0ws09px007e0k9tmg9ctruzmellpsxady6xg7,13084002695
osmo1dtj9upxjgxp6vh60vxwrpvufn49h0xecw6szwa,75317041491
osmo1ph3gaf93e5gqrkhp03lzsda480ns0gtlfd3ekn,211572435928
osmo1zz424drr3pf44pehamvqug9fdfjlgnhdatqwrp,10000852659
osmo1xdh3vdwtynzjgf3cfq8fuws2h4qv4hny0g843c,13421396207
osmo1mygm93vzdhmcgxn59m8vjcm22w2uzkxm4h7fc5,10234813201
osmo1xkqe8umnw9vg9urm7dmp54gcn7lyz9qchn6l9p,10160000000
osmo1yyehx6d8pwf5ake894z2u7n2mhyyeqqnvguzwt,26724876331
osmo1f97xhgsy4866xf98fcfwnuk0nhwuu0lstapauq,11060930117
osmo1dwqe5m0ln0w3fjada7t6k54q785086e2h2zajs,21148000000
osmo1vmnc8x6vmwp4sfee3mraxfa4ykglv0zhw4fq0k,13989000000
osmo1p8jqlsklwpa0e0pw5gzmyzcmzmsdmuylf50cqq,91719023734
osmo10najtpx77nqu8hkgndjrpra9p6qjxx0lrrmu0z,17880950933
osmo18c96daehws4nw5ye54hz4nxp6vcs0c4qdhrhlr,469970901690
osmo1xskmx0t2qz2x6gy5djg47fdrtv8nj62jmmflq4,21625957295
osmo1dzdz6hwegce4p00z58jnufklzdmfcr5mwls2mg,18354860950
osmo16vw63em8pjf20shm95rc0lcghzt396yk7r880m,18621904205
osmo14ev27furavuar9k3hghtf9uahz6v05mnsmyzzg,175697757227
osmo1f7sas05lf4xt3vkm4e850mfd949xq9el758eav,95001436457
osmo1mq4kj00ujhg9zntzj28efv5hsfcncxxz4d5hpz,11042000000
osmo1ap5m3nw7rd3f5pfc38cg3vwau5wz98adghs4zg,46451000000
osmo13599z8r96hhd0uft6d9zwsfh6xaa7hg0pgt9fp,86603708865
osmo195lfnvs7jeevj6prn5a9ghr563s6tmzl4qc3gk,19737560000
osmo1hdq2twz94k4g68z0qc8xsdvj8aldxch3nrc5av,11252634792
osmo1sf2y3g6wanhrt7ellyk7fudah6fvslhs2g5emm,19190000000
osmo13lte99fy0lqxu9pzsytafhlym0ncznsmmrnxh0,13000000000
osmo1gle3m75hd5856995ralz8l4ra7j3kzjrkwzhs5,169705756507
osmo1exeej95hmmzavtzsjnrgpkhrj0cvp72lvl9qf5,2188855688279
osmo1et2hwvjhl30pglvxtqteyf8qgtda6fhq3hha0r,25716000000
osmo1gylzr0qr6ekq6cpwcjlttqtyyveen74ggwqu4g,10343782270
osmo1nd0kzuaxycx9wuunmp4ph96607st9m79wjzvry,100201100000
osmo1kap7nwd344grm7wxryxjeuxr30edt8cfsqv3l3,39121357001
osmo1lre9gdkm5hnd2tfr86ev3xfscuk36q339ws9u2,707354183556
osmo1yu77zt3qh7wfvmedz9tka7ry2xe9r8w9utpmk9,11141591176
osmo199dm0ugv50k4qgcsxjc8p2rertstltxv22f49e,10568300000
osmo12q7qsvcqadgrg3cyc92nnk9ma2ggpdq20q7hmm,13638845599
osmo1f6udhfktmeml5hsgkh9qtj6mdafx92y65d6ss0,150000000000
osmo1sny3f3mqpkze0ae6shtm2v0mg3tjzwjpnxm0r9,13929882169
osmo1nqyz79kzgtjpz9jqytcnjgm8p2u8s6ffqmx452,25038000000
osmo17e78lq6mwmfgrcg28jqsafqvq5n0n8scc55egm,12991414582
osmo1wz63q7ze34mqhmdvv2gs3lznr6sgn3yr9ym7qc,125461477531
osmo1mjjkydj5m5yjude8fnhkz6ng4zthrqs36xzxlx,30000000000
osmo157f265kwqza8xtnzemyke0236fqjesj8r9t05p,26512636948
osmo1j0vaeh27t4rll7zhmarwcuq8xtrmvqhuqv0av9,33725710775
osmo1rgrv34alr49vkd8rcl2q9afh9ja099adg75uez,246650478447
osmo13lfwqjqfzfe2muq3j273y2l2tuzgkrp8jt5j0u,69598724936
osmo1vrpdw42gjjhrqdtc6q8rjhf2dadpdxswr9wjzl,688595002000
osmo1wmpxekeka2z8z6h7k60t2tvdmqcj3eqfkmcyv5,13887811472
osmo1tqaf9fy2n2x6quj60lwc60fekvr8at76khvau4,10000645154
osmo17wjj4e4xjlk6qtdk3uw432vs3pmvkv0d3p3wlg,33148000000
osmo1mpxsmgcptzq676eqpst27ulm4ymuqedspjtzc3,726479199997
osmo1cf89v2eu9mdnekd6unusxyntyqh208qs86q46k,61083161355
osmo1wjgzwwrdelmz6t6dglhx84e96vkwptt2v8ekxt,10001000000
osmo1cd4m6ql2aqddwkne6myyn7wjxrqx5tukc6wpyv,15336128714
osmo196ax4vc0lwpxndu9dyhvca7jhxp70rmcpv4q4e,139100000000
osmo1w76r9d5t5ae8pamd5dlmqy0f26mf6ea05khcen,695249910676
osmo1mjqk9mxaxhpla8qm8jmscs9yy8x4e745qtdl2n,27594595000
osmo1l3jkmmw06tlamk7fqllveeq6wwyr74rrx67fg3,80200000000
osmo1vmkfq23frdeuxyagfs7s2sje3r5w4pwsukjc7q,505252991220
osmo10y7m8mf4sfspnq29y5l0tefwjkshessz0p30mp,11306617125
osmo1ssked9aamngyafk2fnf6e7w84l06x89373r347,100000000000
osmo1kxkh00hea4dcya5nf59tpp45arc8lswathxw40,54441224666
osmo1m8yf3g2m9p7danjvt4ga6vzewy380pk5p7lldh,26000000000
osmo1gqf5sxcswecw04h6k9vgy6vkkdf4qxldqq3v9q,32244423855
osmo1gg3zpe57trnk9g9ds7e2wnh7d8pwv6z6jk4dfw,69131027773
osmo1dlwk6vykhcwwjm468f39q46hf5nx0nsvy7qn6f,58123596698
osmo1gq9qnkdw7n3vsfa585kadgtvje7ejlh2y0pj9r,11525736942
osmo1cjzwg63xqye53z4ajj2p8eqngmyjc6ydjc7h5v,10510358985
osmo1ywh3tp9yw869a9cpqxc9z4e6q9tmqd8y5fz228,15996073490
osmo16phjecw25muxjyxgft4jxmwntvx24xhcmh3lhc,183720080000
osmo1ur0g5gwwamykfw2h99qlrljdp2muj9lssfk9zk,62362972299
osmo1rq7av3fj6c0l4rg8pwm0juqqafa2rgpeqa75f6,27633341125
osmo13yrhg4ewlkr0a6fsfekc7eu6p7q32jd7ldrmm2,34975626088
osmo1570zgpm0dx8965pk9rrmjv2tllfxmnrd45px2y,20000000000
osmo15aae9fhp378y3fk2wjlt7e09gwe98ka6f0yrwf,100000000000
osmo1fhnc5vtxeclsqpkk8puyx4vmcuxypps0ukfgw7,11259433455
osmo1dd6k46f69f84grwa8azugd78nexfrezvxzg8xu,603358817458
osmo13hgplqnsp0hwlx9cesjmweadqetas57l0w2zy6,16358000000
osmo1tgqcjxpcn0e82mn5lzm2mgfvyqagtkpcrp78u0,10260030413
osmo1e52pptxh60cmfm55hm7ryudrfdr5xv0hy4nq9t,15649643236
osmo1pqdm4jjdmz49d3epgmq4e74y6u6n6vygzm0tf8,167000000000
osmo1rkv9h4xaykwgmpyhla8awcqytz9tygfgml4ytw,32760000000
osmo14n8a7dcjmqsf4qfuwas7dzwpg2dvzcw4vzyfce,11735975073
osmo1xjg47wm2tg5jygp7545xvwu7ytt6g2p3y07cpj,28004633693
osmo1yeqlejrac5us8f9vkggyawwdyy3yqy5t3n5xva,24439504064
osmo1wd6cw20gaud86fs00kvv3ztl4s2zaj3eqqketw,159010984494
osmo1ruzff99wnlky2vx02dwdncr42rq0z2n6csrnmw,10068391482
osmo1mergdp6r8c0xe49fz5k2ekyuvqrjzxylxphc6v,22400426820
osmo1ftzdn38n948egum3drta7hjdfp2zssn82a8s5n,36296183028
osmo1s24ht39ea9pquwa2ry3zwd4ahlq5zlj5fnwx53,11700000000
osmo1xzs07pcgjsrmhz3lv57jwptedsw8ldyzs6e4t2,71000294726
osmo1vfh5pgskq8m2zfqc0hfh2clvewj3r7dhk39w7t,75000000000
osmo1sc4y5uprprs80dulk9jazzld5qmtgxxmfzq34p,13105325395
osmo1m00edwcxvg6qpvhpyuzwff2u4tex6wuzfkjz90,16932000000
osmo17ece6mkklwpv5fxec7l882nzmt0l0tjefvc9pd,17954208595
osmo1cucet4xxxg4hds9l2rtshvy6gnz0evn8scklwu,14617852219
osmo154smrrn2hsvg7svpv2jmavurrdzhnjf3ywf07e,20667030764
osmo173atdmc8vtx6skf582jy9zunz2qysgfud99uhr,106233385629
osmo19gfzng0t5udrp0cg3fe6y0q7jcdyctxfypejwh,15123137745
osmo1m0uqm7y2hf56fkprtchspu3wxcgzjdvjy8vlmr,238732404459
osmo1d4p0g7a9l53yrppp8vme460kcm32x6289aylfs,27384000000
osmo1v3rzfar6j3x5c2d3luz77zg9jxq5z33lvnf5hw,132112991587
osmo1aum5zckstruc5lfkls6n6fsmjg5ywlj8pmhg9j,19355161637
osmo1428dpgezrcm40j72rljuvsqxth5j5p8n0y99lq,276946449456
osmo1klxfew5t05dj6qz3fdce8pvgl0pcfempsqcngn,20053000000
osmo18h4kx4935mae7hk3a677e6pssz36aksx97wna3,10726948360
osmo104gevychrp9gvnyfvewpaaql7f4mp694zkcecm,10869850818
osmo1daj20gv5snm5tpuemal0tgf8ld8lpfqg5x35gn,24510252714
osmo18jj8eq7xpyqdv9cdxpyxn0ulspmhx424tt60va,48082396929
osmo1xl6r0n34mq0z7gfx7w2qf3f2vq70g5ph7n78hs,165400885901
osmo1vkyfh9d7lqyv0df20v7d3pe3etqyxuwa5zmmr3,15840238378
osmo17x2ry75hddumjswr2gr7hwfle7hdtnedq8nj5w,10222139512
osmo1e82da9n6jz4t42eh0wn5hrt6hdmf7jyqf04ezn,656490729633
osmo1h4d0wkjdqmcv38ugcy68h67knqcfsgaqcx8qyj,12121000000
osmo1p5038wm5nad5mt0fl7w6nzt36n5kf7ug9chdxn,28939039992
osmo1rmxfal5d663ug0gs53usn0kx8la3zjdz7zc945,43216646308
osmo1xmgwkxgqun7v6c0jkt2va9j3n4gq5kl7a4wn45,54584100000
osmo1mpstxgdrkwevahh0c6xahxl44d2navcrrlejde,36330026902
osmo1fqw4urjl4u75l04k8ndmj2f5n5g4skdsv4svgq,65086000000
osmo1adt28ng43jwkfkh2082vz782xaw9m4nzwhtnk7,12040446034
osmo1xt8rd6pr2tkqqgxkzrdq4yy2tsyejllszvll4x,29414377391
osmo192seuxmvm9q6ffxc3gwphrfrsy4hjexnyr0q56,74306000000
osmo1daghkd2ue6vtwehjk2x2uk0xg3a9zstw7xnqu5,42871287707
osmo14nzk5vxdrq3a7pegylcqmv92yefxj5tdrwfa5l,19163293080
osmo1yjd0ktlsrsx69my89vykcrl90kz7ks0w7fvxg0,10020388810
osmo1e6vumhjtljzjzfyl0n0pt989wywwn5y2yh4vvm,602142000000
osmo1v8a5tfp7mhpqz2ysa7fl6gaw6dp00akty28feq,11130000000
osmo19yg70ssswww6wwlyt2z95wq4r7jj65j84duj7f,11468000000
osmo1wl2465a8pzanl5xp2nqq2uklynjnj047ye55qt,11614000000
osmo1rng585ex024csm3mqwrpug4lk0elfvxu7fnw7g,12963200000
osmo1svgajsw2sedkp984mnfwpcq04pvs7dts8lm058,17000000000
osmo1cuva6pldjtdqw25w2uvghmkkjsfg5gnfx5t4gm,46047173058
osmo13dyezaxs8zwjldqedjnu7peldxvqwkzmqzdk3d,52000000000
osmo1avq3ej5eseg4ht0q92j9538camtt3m5jk26y5y,15594657477
osmo1n8jdyxl5l6dlfue75f6lrc54et547dzw6q9ya0,15969986444
osmo1w27q3jmv3lyx6t2ttedxdcfmxuk9ve4gtmyplf,161000616681
osmo15a84pmu5qa9pps40g7vyzqar0p77mg0ekduya8,22483460409
osmo100t6w896d0tawapz6p9q2yx7rnur3t7dhdnrwd,103031133093
osmo17y0hgvgg5q9m0qkrh25cntlqg5a064xvw2chjy,14975000000
osmo1lahf7l475ssm3mxd0f0ag3573xnntns67hjgap,14900564752
osmo1akhswynqs07zj5p2k25r6s4ur45qyjnre5amzh,11008208253
osmo130rz7quk338jg3qf083qw0nqydpfgmusugvqxn,12073000000
osmo17j7lv0ys79zk8fjer3mxc2ce2gf6yxh92mnmac,11936477947
osmo15cxzysdx8aavudyr8phtreq2uw6k5j3gfl7ljp,52419979349
osmo1k0g7hacqf25ahx75x3p0dqsch73xk4mejdq3k6,18646783726
osmo1uj8hpv6aefqku9s3hh6376zj9rs2emwfjl4ulh,28815000000
osmo1aa5z8yk7l2g5hujsdwx0a3j6ye3nar56jal8cj,33226499075
osmo16nmlkzdem2c66w48yrjeslcqwpc8w7006ep6t5,14969798285
osmo1fgmzta85ud989ksqrch98v4s99mx3u04ffguss,20026000000
osmo19pu5dhjz2lkvkg8n5cefpc73gmjntujy7xqujl,42966183843
osmo19z78ccuuq2ec70srctlu68mt5fdvtapky40sj8,293898994733
osmo1ytpmng8g48ey26x3gc8039l30hmnws4ytttgp9,77698841232
osmo19g5skdl2u5pse789rpmwtl9cjdhssp3zc0pzg5,262636553795
osmo1pdsf6rg27wldgdgn555c57tssc44myme4kjx7w,26372515502
osmo1q2ke5n8rgr8ncjyeeqed3xyhyneluxgevccqy4,13481756651
osmo1y5ry09jh3tlq9cwq4g8tmvg20mk4v5algglnsj,18019763945
osmo1k2n3qm06nhwh6r94zd4y3p3qcly42rkw8lm7cy,14845889563
osmo1v3um4h8ljp26frtjczzd0jse8gqhr82vxwvmrm,21338093000
osmo17xsjdgsaaenndhkgyacx4dmhdwrqhhtztlwguw,140656052817
osmo10t8lusgdjqfnn9z2ea085mah9u65h839alqkzm,10330293643
osmo10k4s4hh8wrapj0pvvef0hg8ecj3tvgf63vu6hv,13421000000
osmo1ty0grmcvjgqakj6xznvueajsyj3qtsael82uvr,70380306163
osmo1r8fhke5j3aunmvavflawuwtwnnpsn9u5yqv5fr,44940047994
osmo1scfamqzcd25t7fwp8lmk4qcq2gfkal9hqwmtp9,37400781536
osmo130mdu9a0etmeuw52qfxk73pn0ga6gawktly65g,189836000000
osmo1a3hz6zc7zqdh2kg5dsxua0sqvz6twnmf2pw56x,45245519709
osmo17drhyrp97xrmkua83vsjc8jkdra5zn82eytwzw,10261470000
osmo1aq4j6gz0tcj039nn74pdfefgksnqlld0e5vxpm,15000000000
osmo1aah82wg8zg9cwscgwtapwpakchl5zc09skm7q8,12140000000
osmo1lrllxyvrr5m7vmley5nxqalaed02sr46pv0ram,40110730432
osmo1lsq36skm8gr326pjm3eqwm40w7lf7wkx9uxc7v,32087000000
osmo1xxapqavs2y3r880px64eyhgvs8guf4c75u9aqy,17683323308
osmo1njc8akd2mvn8xrzc52268f2rzq27a6t72m67cf,100000000000
osmo10qx02y62v9ynwe9yz4qxvdx2sq7wm8gwdarfmd,13929885447
osmo1nlp4mp4xz7w8nhjtceeq0yekxtavahuwyzrdvv,56142685217
osmo1r9ntg4xrsw8d27fqvyf3jhnqng7rc4k5j63sux,60843224026
osmo1pnwjzk5m0yq8e9jsf2mtw970m9sukuefmm7k7e,17600000000
osmo1lujhkwkpwnsems37697fr9t0aja5gd0s6t4mtm,19052000000
osmo143jq3unsywvh6me7h9y7lrmr77yehwj8sytaag,10005000000
osmo19kkq2s76f0xmer5sj845w6v0xkz8h7k7nqyxkr,27098900203
osmo126rk3ac5z45s3lugtr3gw4gg0wknz3pxpt45tm,10474768079
osmo150jcxtmx8gakkuew9nhcrv0ussafncu02x7mzl,99352322765
osmo14fnlzk36kvtkgajyq60gp7wpfxa900kkj4gre2,13231111987
osmo1tsu4u46rxjayg4xw06529gd7xhfmpvz47fkc84,11634027352
osmo1eu43jqq7hv9sugd7endlu3u9mg6ktyygw4049s,11251703795
osmo1rmxrrdrhja2jxjp6kplqjm3jvsrh4kqs2xjkx0,59091256468
osmo1zdaanaraxffu60ndh2klz2rvwtg9m256dxm3gq,13547836282
osmo1y8ekncqkmpjtedn2zrferz4f0mgt0zyetlz53n,15185000000
osmo1s3wcgw0njemajxjsu56ptj3n8p4kayltc6ftmy,288417448941
osmo1wyks0ceapdu8579jv3cx99gd78ms8uazsqzu57,12504791602
osmo1gdv7kzg2lvx6k5w6nxq84q8r9z2ujpve8ds8qf,70000000000
osmo1e04r6ms99xdzuj4dhm40acfknt24m2tycsx4zx,20079612434
osmo1pdujv32j59ycprvjd8e0c82dw90c3hy00xn5rs,142835000000
osmo1qkugghsmeyxutcmqc8tlqwwfq4nskyqwggzf95,12142000000
osmo1jh0urskmdrrhfgm53d0ddnd506stu63w95d3l6,15000000000
osmo1p7fy0f69smuywsv8gwutx0jcmu0zj8pndeuf6h,17639514468
osmo1gwz4kuky49zmzayhqnz5z2ad2tlgymnw905u2z,17366829523
osmo102ruvpv2srmunfffxavttxnhezln6fnce66wae,12312052094
osmo182jd9a6pun55pcgyahkna5gzgquq03knvqjs2t,86426171897
osmo17knx6xzq7l3sanrxymvpyep3nzumvmn63w6002,17546451118
osmo1dlce787hpcdpp9neun55wurv7h8ezk6xna9cy9,10390072115
osmo15czt5nhlnvayqq37xun9s9yus0d6y26dw9xnzn,18416415806
osmo1d8wqdfgv9xxutue8hrc89s5nnktz02epng0p62,17991592757
osmo18lwd0p8cxz94zmps2rmgs0gswc0yzzv8f5rguh,10054887625
osmo1mxjyrf2fqalpqkyapgzce54euy00lkunuw7qc9,28028258582
osmo1f9r4xgc5xpwq654hrm9jf5q7uj589mltg6f487,10542085934
osmo1gv23034suxwklhr4q7fsw9dygph55ykm8aj4ne,17000000000
osmo1qpzzlqsv6uc04u8p4qgl0tcet4x4mkwktsvx7x,26074017680
osmo1a8u89cqn9defhladccd9wpc44wpp6t9qjc38l5,90202066298
osmo14g2k4karj0ccszyy604qr8rsd5852k6hp5ls4v,13000000000
osmo1pe9t833vjmvh6nzvh2g56rqnknmpysraak9tlj,39638071984
osmo14vlj4nel5r68n93zfypc3lwtwcheutuglau2nx,26866030000
osmo1g0fpkkfx7kvw9yy28l5rsnyqf0r2zh7y7pc690,52366420190
osmo1xtx0lxlgg479sxmyyma0j2ckstg62yfsgud57u,24061715002
osmo1r7nhpym93vy8jqs36sawtxuz2vpsxyy3fgkdhk,13692652517
osmo13hx2ecn9x5cd5hhwnwxxryy0wupqy8t00he2vv,151423049391
osmo1j0ksen667cd20qy5trd8qzx45308xctt30urvx,24445648705
osmo1k9ur3v6dryftc8mctrddtxud6easfrdq3earpl,26897000000
osmo1ktja3dm8sstcwpgd4wae3hh8zpa7v2eqp0xvtd,11273007359
osmo16dqm6mthxhrzpu4x8wty03dqmkx82sp9kqx45x,66649486160
osmo1xz436dmuxuzpdt4a08s0a7z4tmc7806cuznpp5,33435000000
osmo1fprjpxw2cssmlae7sw3g6jvrthwmlhakw74g04,54044332918
osmo1xngv76wfgpejcnjk665jjzg2f2gynekfkraawa,11755712634
osmo13896dynwrw8k4hsuaht3gg7qm946emarg3rj43,15000000000
osmo1yen5f0ej9njg0d9pa8nn2hwjpqqm36zj0wmvtp,15000000000
osmo1z63r2yzl5gztm03zewl3l3mrlh65gcjsakezdn,41367618230
osmo1yl6l479x8sxg4naf0uxlta6tutk3qt7ghxs3dy,23410000000
